年月日時,気温(℃),品質情報,均質番号
2016/4/1 1:00:00,13.3,8,1
2016/4/1 2:00:00,13.8,8,1
2016/4/1 3:00:00,13.0,8,1
2016/4/1 4:00:00,12.2,8,1
2016/4/1 5:00:00,11.2,8,1
2016/4/1 6:00:00,10.8,8,1
2016/4/1 7:00:00,12.1,8,1
2016/4/1 8:00:00,13.8,8,1
2016/4/1 9:00:00,15.3,8,1
2016/4/1 10:00:00,16.7,8,1
2016/4/1 11:00:00,16.9,8,1
2016/4/1 12:00:00,17.2,8,1
2016/4/1 13:00:00,17.0,8,1
2016/4/1 14:00:00,15.7,8,1
2016/4/1 15:00:00,14.3,8,1
2016/4/1 16:00:00,13.0,8,1
2016/4/1 17:00:00,12.2,8,1
2016/4/1 18:00:00,11.4,8,1
2016/4/1 19:00:00,11.1,8,1
2016/4/1 20:00:00,10.9,8,1
2016/4/1 21:00:00,9.5,8,1
2016/4/1 22:00:00,8.5,8,1
2016/4/1 23:00:00,8.2,8,1
2016/4/2 00:00:00,8.4,8,1
2016/4/2 1:00:00,8.2,8,1
2016/4/2 2:00:00,8.1,8,1
2016/4/2 3:00:00,8.4,8,1
2016/4/2 4:00:00,8.8,8,1
2016/4/2 5:00:00,8.8,8,1
2016/4/2 6:00:00,8.9,8,1
2016/4/2 7:00:00,9.2,8,1
2016/4/2 8:00:00,9.7,8,1
2016/4/2 9:00:00,9.8,8,1
2016/4/2 10:00:00,10.1,8,1
2016/4/2 11:00:00,10.4,8,1
2016/4/2 12:00:00,10.8,8,1
2016/4/2 13:00:00,11.5,8,1
2016/4/2 14:00:00,12.1,8,1
2016/4/2 15:00:00,12.7,8,1
2016/4/2 16:00:00,12.7,8,1
2016/4/2 17:00:00,12.6,8,1
2016/4/2 18:00:00,12.2,8,1
2016/4/2 19:00:00,11.9,8,1
2016/4/2 20:00:00,11.5,8,1
2016/4/2 21:00:00,11.3,8,1
2016/4/2 22:00:00,11.1,8,1
2016/4/2 23:00:00,10.9,8,1
2016/4/3 00:00:00,10.0,8,1
2016/4/3 1:00:00,10.0,8,1
2016/4/3 2:00:00,10.0,8,1
2016/4/3 3:00:00,9.8,8,1
2016/4/3 4:00:00,9.9,8,1
2016/4/3 5:00:00,9.7,8,1
2016/4/3 6:00:00,9.8,8,1
2016/4/3 7:00:00,9.7,8,1
2016/4/3 8:00:00,10.2,8,1
2016/4/3 9:00:00,10.6,8,1
2016/4/3 10:00:00,11.3,8,1
2016/4/3 11:00:00,12.0,8,1
2016/4/3 12:00:00,12.8,8,1
2016/4/3 13:00:00,13.5,8,1
2016/4/3 14:00:00,14.8,8,1
2016/4/3 15:00:00,15.9,8,1
2016/4/3 16:00:00,16.6,8,1
2016/4/3 17:00:00,16.5,8,1
2016/4/3 18:00:00,16.2,8,1
2016/4/3 19:00:00,16.1,8,1
2016/4/3 20:00:00,16.1,8,1
2016/4/3 21:00:00,16.2,8,1
2016/4/3 22:00:00,15.8,8,1
2016/4/3 23:00:00,16.0,8,1
2016/4/4 00:00:00,16.0,8,1
2016/4/4 1:00:00,15.8,8,1
2016/4/4 2:00:00,14.8,8,1
2016/4/4 3:00:00,14.4,8,1
2016/4/4 4:00:00,14.9,8,1
2016/4/4 5:00:00,15.4,8,1
2016/4/4 6:00:00,15.7,8,1
2016/4/4 7:00:00,16.0,8,1
2016/4/4 8:00:00,17.3,8,1
2016/4/4 9:00:00,18.4,8,1
2016/4/4 10:00:00,18.5,8,1
2016/4/4 11:00:00,16.2,8,1
2016/4/4 12:00:00,17.2,8,1
2016/4/4 13:00:00,20.6,8,1
2016/4/4 14:00:00,21.2,8,1
2016/4/4 15:00:00,21.1,8,1
2016/4/4 16:00:00,20.5,8,1
2016/4/4 17:00:00,18.8,8,1
2016/4/4 18:00:00,13.0,8,1
2016/4/4 19:00:00,11.3,8,1
2016/4/4 20:00:00,10.9,8,1
2016/4/4 21:00:00,10.9,8,1
2016/4/4 22:00:00,10.5,8,1
2016/4/4 23:00:00,10.0,8,1
2016/4/5 00:00:00,9.8,8,1
2016/4/5 1:00:00,9.9,8,1
2016/4/5 2:00:00,9.8,8,1
2016/4/5 3:00:00,9.7,8,1
2016/4/5 4:00:00,9.6,8,1
2016/4/5 5:00:00,9.7,8,1
2016/4/5 6:00:00,9.6,8,1
2016/4/5 7:00:00,9.6,8,1
2016/4/5 8:00:00,9.6,8,1
2016/4/5 9:00:00,9.7,8,1
2016/4/5 10:00:00,10.5,8,1
2016/4/5 11:00:00,11.6,8,1
2016/4/5 12:00:00,11.7,8,1
2016/4/5 13:00:00,12.0,8,1
2016/4/5 14:00:00,12.3,8,1
2016/4/5 15:00:00,12.3,8,1
2016/4/5 16:00:00,12.1,8,1
2016/4/5 17:00:00,12.0,8,1
2016/4/5 18:00:00,11.6,8,1
2016/4/5 19:00:00,11.1,8,1
2016/4/5 20:00:00,11.1,8,1
2016/4/5 21:00:00,12.0,8,1
2016/4/5 22:00:00,10.9,8,1
2016/4/5 23:00:00,10.8,8,1
2016/4/6 00:00:00,10.1,8,1
2016/4/6 1:00:00,9.7,8,1
2016/4/6 2:00:00,8.6,8,1
2016/4/6 3:00:00,8.1,8,1
2016/4/6 4:00:00,7.9,8,1
2016/4/6 5:00:00,7.7,8,1
2016/4/6 6:00:00,8.4,8,1
2016/4/6 7:00:00,10.7,8,1
2016/4/6 8:00:00,13.2,8,1
2016/4/6 9:00:00,15.9,8,1
2016/4/6 10:00:00,17.1,8,1
2016/4/6 11:00:00,18.9,8,1
2016/4/6 12:00:00,19.0,8,1
2016/4/6 13:00:00,18.1,8,1
2016/4/6 14:00:00,19.0,8,1
2016/4/6 15:00:00,19.3,8,1
2016/4/6 16:00:00,18.3,8,1
2016/4/6 17:00:00,17.3,8,1
2016/4/6 18:00:00,16.6,8,1
2016/4/6 19:00:00,16.2,8,1
2016/4/6 20:00:00,16.1,8,1
2016/4/6 21:00:00,16.0,8,1
2016/4/6 22:00:00,15.6,8,1
2016/4/6 23:00:00,15.8,8,1
2016/4/7 00:00:00,15.7,8,1
2016/4/7 1:00:00,15.4,8,1
2016/4/7 2:00:00,15.0,8,1
2016/4/7 3:00:00,14.0,8,1
2016/4/7 4:00:00,14.3,8,1
2016/4/7 5:00:00,14.5,8,1
2016/4/7 6:00:00,13.8,8,1
2016/4/7 7:00:00,12.2,8,1
2016/4/7 8:00:00,12.1,8,1
2016/4/7 9:00:00,12.0,8,1
2016/4/7 10:00:00,12.1,8,1
2016/4/7 11:00:00,12.3,8,1
2016/4/7 12:00:00,12.3,8,1
2016/4/7 13:00:00,12.4,8,1
2016/4/7 14:00:00,12.7,8,1
2016/4/7 15:00:00,13.3,8,1
2016/4/7 16:00:00,14.0,8,1
2016/4/7 17:00:00,15.3,8,1
2016/4/7 18:00:00,17.0,8,1
2016/4/7 19:00:00,19.0,8,1
2016/4/7 20:00:00,14.2,8,1
2016/4/7 21:00:00,13.5,8,1
2016/4/7 22:00:00,13.3,8,1
2016/4/7 23:00:00,13.3,8,1
2016/4/8 00:00:00,13.0,8,1
2016/4/8 1:00:00,12.1,8,1
2016/4/8 2:00:00,11.8,8,1
2016/4/8 3:00:00,12.5,8,1
2016/4/8 4:00:00,12.6,8,1
2016/4/8 5:00:00,12.4,8,1
2016/4/8 6:00:00,12.7,8,1
2016/4/8 7:00:00,15.3,8,1
2016/4/8 8:00:00,17.0,8,1
2016/4/8 9:00:00,18.3,8,1
2016/4/8 10:00:00,19.0,8,1
2016/4/8 11:00:00,21.4,8,1
2016/4/8 12:00:00,21.1,8,1
2016/4/8 13:00:00,21.3,8,1
2016/4/8 14:00:00,20.3,8,1
2016/4/8 15:00:00,17.8,8,1
2016/4/8 16:00:00,16.5,8,1
2016/4/8 17:00:00,16.2,8,1
2016/4/8 18:00:00,15.8,8,1
2016/4/8 19:00:00,15.6,8,1
2016/4/8 20:00:00,15.7,8,1
2016/4/8 21:00:00,15.6,8,1
2016/4/8 22:00:00,15.7,8,1
2016/4/8 23:00:00,15.3,8,1
2016/4/9 00:00:00,14.6,8,1
2016/4/9 1:00:00,13.6,8,1
2016/4/9 2:00:00,14.1,8,1
2016/4/9 3:00:00,13.4,8,1
2016/4/9 4:00:00,12.8,8,1
2016/4/9 5:00:00,11.3,8,1
2016/4/9 6:00:00,11.5,8,1
2016/4/9 7:00:00,14.5,8,1
2016/4/9 8:00:00,16.2,8,1
2016/4/9 9:00:00,18.5,8,1
2016/4/9 10:00:00,19.7,8,1
2016/4/9 11:00:00,20.8,8,1
2016/4/9 12:00:00,21.9,8,1
2016/4/9 13:00:00,22.8,8,1
2016/4/9 14:00:00,20.9,8,1
2016/4/9 15:00:00,20.8,8,1
2016/4/9 16:00:00,20.2,8,1
2016/4/9 17:00:00,19.1,8,1
2016/4/9 18:00:00,18.4,8,1
2016/4/9 19:00:00,17.9,8,1
2016/4/9 20:00:00,17.2,8,1
2016/4/9 21:00:00,17.2,8,1
2016/4/9 22:00:00,16.6,8,1
2016/4/9 23:00:00,16.2,8,1
2016/4/10 00:00:00,15.9,8,1
2016/4/10 1:00:00,15.2,8,1
2016/4/10 2:00:00,14.7,8,1
2016/4/10 3:00:00,13.7,8,1
2016/4/10 4:00:00,12.8,8,1
2016/4/10 5:00:00,12.4,8,1
2016/4/10 6:00:00,13.0,8,1
2016/4/10 7:00:00,14.9,8,1
2016/4/10 8:00:00,17.6,8,1
2016/4/10 9:00:00,18.7,8,1
2016/4/10 10:00:00,20.1,8,1
2016/4/10 11:00:00,22.1,8,1
2016/4/10 12:00:00,22.4,8,1
2016/4/10 13:00:00,22.5,8,1
2016/4/10 14:00:00,22.4,8,1
2016/4/10 15:00:00,22.5,8,1
2016/4/10 16:00:00,21.2,8,1
2016/4/10 17:00:00,20.1,8,1
2016/4/10 18:00:00,19.2,8,1
2016/4/10 19:00:00,18.4,8,1
2016/4/10 20:00:00,16.8,8,1
2016/4/10 21:00:00,14.7,8,1
2016/4/10 22:00:00,12.6,8,1
2016/4/10 23:00:00,12.5,8,1
2016/4/11 00:00:00,12.5,8,1
2016/4/11 1:00:00,11.6,8,1
2016/4/11 2:00:00,11.5,8,1
2016/4/11 3:00:00,11.4,8,1
2016/4/11 4:00:00,11.4,8,1
2016/4/11 5:00:00,11.1,8,1
2016/4/11 6:00:00,10.9,8,1
2016/4/11 7:00:00,11.0,8,1
2016/4/11 8:00:00,11.3,8,1
2016/4/11 9:00:00,12.0,8,1
2016/4/11 10:00:00,13.8,8,1
2016/4/11 11:00:00,14.1,8,1
2016/4/11 12:00:00,15.5,8,1
2016/4/11 13:00:00,16.8,8,1
2016/4/11 14:00:00,16.2,8,1
2016/4/11 15:00:00,15.4,8,1
2016/4/11 16:00:00,13.8,8,1
2016/4/11 17:00:00,11.7,8,1
2016/4/11 18:00:00,10.2,8,1
2016/4/11 19:00:00,9.5,8,1
2016/4/11 20:00:00,8.5,8,1
2016/4/11 21:00:00,8.2,8,1
2016/4/11 22:00:00,8.0,8,1
2016/4/11 23:00:00,7.6,8,1
2016/4/12 00:00:00,7.7,8,1
2016/4/12 1:00:00,7.5,8,1
2016/4/12 2:00:00,7.2,8,1
2016/4/12 3:00:00,6.5,8,1
2016/4/12 4:00:00,6.0,8,1
2016/4/12 5:00:00,5.6,8,1
2016/4/12 6:00:00,5.5,8,1
2016/4/12 7:00:00,6.4,8,1
2016/4/12 8:00:00,8.4,8,1
2016/4/12 9:00:00,9.8,8,1
2016/4/12 10:00:00,10.4,8,1
2016/4/12 11:00:00,11.5,8,1
2016/4/12 12:00:00,12.1,8,1
2016/4/12 13:00:00,12.6,8,1
2016/4/12 14:00:00,14.1,8,1
2016/4/12 15:00:00,13.5,8,1
2016/4/12 16:00:00,13.2,8,1
2016/4/12 17:00:00,13.2,8,1
2016/4/12 18:00:00,12.1,8,1
2016/4/12 19:00:00,12.3,8,1
2016/4/12 20:00:00,12.4,8,1
2016/4/12 21:00:00,12.7,8,1
2016/4/12 22:00:00,12.6,8,1
2016/4/12 23:00:00,13.0,8,1
2016/4/13 00:00:00,13.1,8,1
2016/4/13 1:00:00,13.3,8,1
2016/4/13 2:00:00,13.2,8,1
2016/4/13 3:00:00,11.6,8,1
2016/4/13 4:00:00,11.3,8,1
2016/4/13 5:00:00,10.8,8,1
2016/4/13 6:00:00,11.0,8,1
2016/4/13 7:00:00,11.4,8,1
2016/4/13 8:00:00,11.6,8,1
2016/4/13 9:00:00,11.7,8,1
2016/4/13 10:00:00,12.7,8,1
2016/4/13 11:00:00,14.2,8,1
2016/4/13 12:00:00,14.8,8,1
2016/4/13 13:00:00,17.0,8,1
2016/4/13 14:00:00,18.0,8,1
2016/4/13 15:00:00,19.0,8,1
2016/4/13 16:00:00,18.0,8,1
2016/4/13 17:00:00,17.1,8,1
2016/4/13 18:00:00,16.0,8,1
2016/4/13 19:00:00,16.0,8,1
2016/4/13 20:00:00,16.2,8,1
2016/4/13 21:00:00,15.7,8,1
2016/4/13 22:00:00,15.2,8,1
2016/4/13 23:00:00,15.0,8,1
2016/4/14 00:00:00,15.1,8,1
2016/4/14 1:00:00,14.9,8,1
2016/4/14 2:00:00,14.8,8,1
2016/4/14 3:00:00,14.4,8,1
2016/4/14 4:00:00,13.8,8,1
2016/4/14 5:00:00,13.8,8,1
2016/4/14 6:00:00,13.2,8,1
2016/4/14 7:00:00,13.3,8,1
2016/4/14 8:00:00,13.9,8,1
2016/4/14 9:00:00,14.1,8,1
2016/4/14 10:00:00,14.3,8,1
2016/4/14 11:00:00,14.5,8,1
2016/4/14 12:00:00,15.2,8,1
2016/4/14 13:00:00,15.4,8,1
2016/4/14 14:00:00,16.3,8,1
2016/4/14 15:00:00,16.9,8,1
2016/4/14 16:00:00,17.1,8,1
2016/4/14 17:00:00,17.3,8,1
2016/4/14 18:00:00,16.5,8,1
2016/4/14 19:00:00,15.6,8,1
2016/4/14 20:00:00,14.9,8,1
2016/4/14 21:00:00,14.9,8,1
2016/4/14 22:00:00,14.4,8,1
2016/4/14 23:00:00,14.7,8,1
2016/4/15 00:00:00,14.6,8,1
2016/4/15 1:00:00,14.4,8,1
2016/4/15 2:00:00,16.5,8,1
2016/4/15 3:00:00,16.6,8,1
2016/4/15 4:00:00,15.6,8,1
2016/4/15 5:00:00,15.1,8,1
2016/4/15 6:00:00,14.9,8,1
2016/4/15 7:00:00,16.1,8,1
2016/4/15 8:00:00,17.9,8,1
2016/4/15 9:00:00,18.2,8,1
2016/4/15 10:00:00,19.1,8,1
2016/4/15 11:00:00,19.0,8,1
2016/4/15 12:00:00,20.4,8,1
2016/4/15 13:00:00,19.8,8,1
2016/4/15 14:00:00,19.9,8,1
2016/4/15 15:00:00,19.1,8,1
2016/4/15 16:00:00,18.2,8,1
2016/4/15 17:00:00,17.0,8,1
2016/4/15 18:00:00,15.6,8,1
2016/4/15 19:00:00,14.7,8,1
2016/4/15 20:00:00,13.8,8,1
2016/4/15 21:00:00,13.5,8,1
2016/4/15 22:00:00,12.2,8,1
2016/4/15 23:00:00,12.4,8,1
2016/4/16 00:00:00,11.7,8,1
2016/4/16 1:00:00,11.7,8,1
2016/4/16 2:00:00,11.8,8,1
2016/4/16 3:00:00,10.8,8,1
2016/4/16 4:00:00,11.0,8,1
2016/4/16 5:00:00,12.1,8,1
2016/4/16 6:00:00,12.1,8,1
2016/4/16 7:00:00,12.3,8,1
2016/4/16 8:00:00,13.4,8,1
2016/4/16 9:00:00,14.5,8,1
2016/4/16 10:00:00,15.5,8,1
2016/4/16 11:00:00,17.6,8,1
2016/4/16 12:00:00,18.2,8,1
2016/4/16 13:00:00,19.8,8,1
2016/4/16 14:00:00,19.8,8,1
2016/4/16 15:00:00,19.9,8,1
2016/4/16 16:00:00,19.7,8,1
2016/4/16 17:00:00,19.0,8,1
2016/4/16 18:00:00,17.7,8,1
2016/4/16 19:00:00,17.2,8,1
2016/4/16 20:00:00,16.9,8,1
2016/4/16 21:00:00,16.7,8,1
2016/4/16 22:00:00,17.3,8,1
2016/4/16 23:00:00,17.4,8,1
2016/4/17 00:00:00,17.4,8,1
2016/4/17 1:00:00,17.1,8,1
2016/4/17 2:00:00,17.5,8,1
2016/4/17 3:00:00,17.6,8,1
2016/4/17 4:00:00,17.4,8,1
2016/4/17 5:00:00,17.7,8,1
2016/4/17 6:00:00,17.7,8,1
2016/4/17 7:00:00,17.9,8,1
2016/4/17 8:00:00,18.4,8,1
2016/4/17 9:00:00,18.5,8,1
2016/4/17 10:00:00,18.9,8,1
2016/4/17 11:00:00,18.0,8,1
2016/4/17 12:00:00,17.8,8,1
2016/4/17 13:00:00,17.7,8,1
2016/4/17 14:00:00,19.2,8,1
2016/4/17 15:00:00,22.3,8,1
2016/4/17 16:00:00,22.9,8,1
2016/4/17 17:00:00,22.6,8,1
2016/4/17 18:00:00,21.9,8,1
2016/4/17 19:00:00,21.1,8,1
2016/4/17 20:00:00,20.7,8,1
2016/4/17 21:00:00,20.4,8,1
2016/4/17 22:00:00,19.5,8,1
2016/4/17 23:00:00,19.5,8,1
2016/4/18 00:00:00,18.7,8,1
2016/4/18 1:00:00,18.0,8,1
2016/4/18 2:00:00,18.0,8,1
2016/4/18 3:00:00,17.4,8,1
2016/4/18 4:00:00,16.9,8,1
2016/4/18 5:00:00,16.6,8,1
2016/4/18 6:00:00,17.0,8,1
2016/4/18 7:00:00,16.6,8,1
2016/4/18 8:00:00,18.8,8,1
2016/4/18 9:00:00,21.4,8,1
2016/4/18 10:00:00,23.1,8,1
2016/4/18 11:00:00,24.7,8,1
2016/4/18 12:00:00,25.7,8,1
2016/4/18 13:00:00,24.5,8,1
2016/4/18 14:00:00,22.7,8,1
2016/4/18 15:00:00,20.9,8,1
2016/4/18 16:00:00,21.2,8,1
2016/4/18 17:00:00,20.9,8,1
2016/4/18 18:00:00,19.3,8,1
2016/4/18 19:00:00,16.5,8,1
2016/4/18 20:00:00,15.2,8,1
2016/4/18 21:00:00,14.3,8,1
2016/4/18 22:00:00,14.5,8,1
2016/4/18 23:00:00,14.5,8,1
2016/4/19 00:00:00,14.3,8,1
2016/4/19 1:00:00,15.0,8,1
2016/4/19 2:00:00,14.5,8,1
2016/4/19 3:00:00,14.2,8,1
2016/4/19 4:00:00,13.2,8,1
2016/4/19 5:00:00,13.9,8,1
2016/4/19 6:00:00,13.8,8,1
2016/4/19 7:00:00,15.4,8,1
2016/4/19 8:00:00,16.4,8,1
2016/4/19 9:00:00,17.8,8,1
2016/4/19 10:00:00,18.3,8,1
2016/4/19 11:00:00,19.3,8,1
2016/4/19 12:00:00,19.8,8,1
2016/4/19 13:00:00,19.3,8,1
2016/4/19 14:00:00,21.8,8,1
2016/4/19 15:00:00,20.3,8,1
2016/4/19 16:00:00,19.7,8,1
2016/4/19 17:00:00,18.7,8,1
2016/4/19 18:00:00,17.8,8,1
2016/4/19 19:00:00,15.1,8,1
2016/4/19 20:00:00,13.3,8,1
2016/4/19 21:00:00,13.0,8,1
2016/4/19 22:00:00,13.2,8,1
2016/4/19 23:00:00,12.8,8,1
2016/4/20 00:00:00,12.1,8,1
2016/4/20 1:00:00,11.5,8,1
2016/4/20 2:00:00,11.8,8,1
2016/4/20 3:00:00,11.7,8,1
2016/4/20 4:00:00,11.4,8,1
2016/4/20 5:00:00,10.3,8,1
2016/4/20 6:00:00,10.8,8,1
2016/4/20 7:00:00,11.9,8,1
2016/4/20 8:00:00,13.2,8,1
2016/4/20 9:00:00,15.9,8,1
2016/4/20 10:00:00,16.7,8,1
2016/4/20 11:00:00,16.6,8,1
2016/4/20 12:00:00,17.7,8,1
2016/4/20 13:00:00,17.6,8,1
2016/4/20 14:00:00,17.5,8,1
2016/4/20 15:00:00,18.1,8,1
2016/4/20 16:00:00,17.3,8,1
2016/4/20 17:00:00,16.7,8,1
2016/4/20 18:00:00,16.2,8,1
2016/4/20 19:00:00,15.7,8,1
2016/4/20 20:00:00,15.7,8,1
2016/4/20 21:00:00,15.9,8,1
2016/4/20 22:00:00,15.9,8,1
2016/4/20 23:00:00,16.2,8,1
2016/4/21 00:00:00,15.7,8,1
2016/4/21 1:00:00,15.7,8,1
2016/4/21 2:00:00,15.5,8,1
2016/4/21 3:00:00,14.6,8,1
2016/4/21 4:00:00,13.7,8,1
2016/4/21 5:00:00,13.4,8,1
2016/4/21 6:00:00,14.0,8,1
2016/4/21 7:00:00,16.5,8,1
2016/4/21 8:00:00,17.5,8,1
2016/4/21 9:00:00,19.0,8,1
2016/4/21 10:00:00,19.4,8,1
2016/4/21 11:00:00,19.5,8,1
2016/4/21 12:00:00,19.4,8,1
2016/4/21 13:00:00,19.5,8,1
2016/4/21 14:00:00,19.2,8,1
2016/4/21 15:00:00,18.1,8,1
2016/4/21 16:00:00,18.3,8,1
2016/4/21 17:00:00,17.7,8,1
2016/4/21 18:00:00,16.6,8,1
2016/4/21 19:00:00,16.0,8,1
2016/4/21 20:00:00,14.3,8,1
2016/4/21 21:00:00,14.2,8,1
2016/4/21 22:00:00,14.0,8,1
2016/4/21 23:00:00,14.0,8,1
2016/4/22 00:00:00,14.7,8,1
2016/4/22 1:00:00,14.3,8,1
2016/4/22 2:00:00,13.8,8,1
2016/4/22 3:00:00,13.4,8,1
2016/4/22 4:00:00,13.5,8,1
2016/4/22 5:00:00,13.4,8,1
2016/4/22 6:00:00,13.5,8,1
2016/4/22 7:00:00,15.2,8,1
2016/4/22 8:00:00,17.8,8,1
2016/4/22 9:00:00,19.6,8,1
2016/4/22 10:00:00,20.2,8,1
2016/4/22 11:00:00,22.1,8,1
2016/4/22 12:00:00,23.0,8,1
2016/4/22 13:00:00,21.8,8,1
2016/4/22 14:00:00,21.7,8,1
2016/4/22 15:00:00,21.1,8,1
2016/4/22 16:00:00,20.0,8,1
2016/4/22 17:00:00,19.1,8,1
2016/4/22 18:00:00,17.2,8,1
2016/4/22 19:00:00,16.6,8,1
2016/4/22 20:00:00,15.8,8,1
2016/4/22 21:00:00,15.8,8,1
2016/4/22 22:00:00,15.4,8,1
2016/4/22 23:00:00,15.2,8,1
2016/4/23 00:00:00,14.8,8,1
2016/4/23 1:00:00,14.4,8,1
2016/4/23 2:00:00,14.3,8,1
2016/4/23 3:00:00,14.2,8,1
2016/4/23 4:00:00,14.3,8,1
2016/4/23 5:00:00,14.1,8,1
2016/4/23 6:00:00,14.2,8,1
2016/4/23 7:00:00,14.8,8,1
2016/4/23 8:00:00,15.5,8,1
2016/4/23 9:00:00,16.5,8,1
2016/4/23 10:00:00,18.1,8,1
2016/4/23 11:00:00,20.0,8,1
2016/4/23 12:00:00,21.3,8,1
2016/4/23 13:00:00,21.1,8,1
2016/4/23 14:00:00,20.9,8,1
2016/4/23 15:00:00,22.0,8,1
2016/4/23 16:00:00,20.9,8,1
2016/4/23 17:00:00,20.3,8,1
2016/4/23 18:00:00,19.7,8,1
2016/4/23 19:00:00,19.4,8,1
2016/4/23 20:00:00,19.0,8,1
2016/4/23 21:00:00,18.9,8,1
2016/4/23 22:00:00,18.8,8,1
2016/4/23 23:00:00,18.3,8,1
2016/4/24 00:00:00,18.1,8,1
2016/4/24 1:00:00,17.4,8,1
2016/4/24 2:00:00,17.4,8,1
2016/4/24 3:00:00,17.2,8,1
2016/4/24 4:00:00,17.2,8,1
2016/4/24 5:00:00,17.3,8,1
2016/4/24 6:00:00,13.1,8,1
2016/4/24 7:00:00,12.9,8,1
2016/4/24 8:00:00,12.6,8,1
2016/4/24 9:00:00,12.3,8,1
2016/4/24 10:00:00,12.6,8,1
2016/4/24 11:00:00,12.9,8,1
2016/4/24 12:00:00,15.4,8,1
2016/4/24 13:00:00,16.3,8,1
2016/4/24 14:00:00,18.5,8,1
2016/4/24 15:00:00,18.6,8,1
2016/4/24 16:00:00,17.9,8,1
2016/4/24 17:00:00,16.9,8,1
2016/4/24 18:00:00,16.2,8,1
2016/4/24 19:00:00,15.8,8,1
2016/4/24 20:00:00,15.6,8,1
2016/4/24 21:00:00,15.5,8,1
2016/4/24 22:00:00,15.4,8,1
2016/4/24 23:00:00,15.3,8,1
2016/4/25 00:00:00,15.7,8,1
2016/4/25 1:00:00,15.1,8,1
2016/4/25 2:00:00,14.9,8,1
2016/4/25 3:00:00,14.4,8,1
2016/4/25 4:00:00,14.7,8,1
2016/4/25 5:00:00,14.0,8,1
2016/4/25 6:00:00,14.3,8,1
2016/4/25 7:00:00,15.5,8,1
2016/4/25 8:00:00,17.7,8,1
2016/4/25 9:00:00,18.8,8,1
2016/4/25 10:00:00,20.7,8,1
2016/4/25 11:00:00,20.5,8,1
2016/4/25 12:00:00,22.3,8,1
2016/4/25 13:00:00,21.8,8,1
2016/4/25 14:00:00,22.5,8,1
2016/4/25 15:00:00,21.5,8,1
2016/4/25 16:00:00,20.7,8,1
2016/4/25 17:00:00,20.0,8,1
2016/4/25 18:00:00,19.3,8,1
2016/4/25 19:00:00,18.5,8,1
2016/4/25 20:00:00,18.1,8,1
2016/4/25 21:00:00,17.6,8,1
2016/4/25 22:00:00,17.4,8,1
2016/4/25 23:00:00,17.0,8,1
2016/4/26 00:00:00,16.3,8,1
2016/4/26 1:00:00,15.3,8,1
2016/4/26 2:00:00,15.1,8,1
2016/4/26 3:00:00,14.7,8,1
2016/4/26 4:00:00,14.4,8,1
2016/4/26 5:00:00,14.4,8,1
2016/4/26 6:00:00,15.4,8,1
2016/4/26 7:00:00,17.3,8,1
2016/4/26 8:00:00,18.9,8,1
2016/4/26 9:00:00,20.1,8,1
2016/4/26 10:00:00,21.1,8,1
2016/4/26 11:00:00,22.7,8,1
2016/4/26 12:00:00,23.5,8,1
2016/4/26 13:00:00,23.8,8,1
2016/4/26 14:00:00,24.7,8,1
2016/4/26 15:00:00,23.7,8,1
2016/4/26 16:00:00,23.1,8,1
2016/4/26 17:00:00,21.8,8,1
2016/4/26 18:00:00,20.7,8,1
2016/4/26 19:00:00,19.5,8,1
2016/4/26 20:00:00,18.5,8,1
2016/4/26 21:00:00,18.2,8,1
2016/4/26 22:00:00,18.1,8,1
2016/4/26 23:00:00,17.9,8,1
2016/4/27 00:00:00,17.2,8,1
2016/4/27 1:00:00,17.1,8,1
2016/4/27 2:00:00,16.9,8,1
2016/4/27 3:00:00,16.8,8,1
2016/4/27 4:00:00,16.3,8,1
2016/4/27 5:00:00,16.6,8,1
2016/4/27 6:00:00,17.6,8,1
2016/4/27 7:00:00,17.5,8,1
2016/4/27 8:00:00,16.7,8,1
2016/4/27 9:00:00,18.4,8,1
2016/4/27 10:00:00,19.4,8,1
2016/4/27 11:00:00,19.5,8,1
2016/4/27 12:00:00,19.8,8,1
2016/4/27 13:00:00,21.0,8,1
2016/4/27 14:00:00,21.5,8,1
2016/4/27 15:00:00,21.2,8,1
2016/4/27 16:00:00,20.2,8,1
2016/4/27 17:00:00,19.5,8,1
2016/4/27 18:00:00,19.5,8,1
2016/4/27 19:00:00,18.1,8,1
2016/4/27 20:00:00,17.1,8,1
2016/4/27 21:00:00,17.0,8,1
2016/4/27 22:00:00,16.6,8,1
2016/4/27 23:00:00,15.8,8,1
2016/4/28 00:00:00,15.2,8,1
2016/4/28 1:00:00,14.7,8,1
2016/4/28 2:00:00,14.4,8,1
2016/4/28 3:00:00,14.0,8,1
2016/4/28 4:00:00,13.7,8,1
2016/4/28 5:00:00,13.7,8,1
2016/4/28 6:00:00,13.6,8,1
2016/4/28 7:00:00,13.5,8,1
2016/4/28 8:00:00,13.5,8,1
2016/4/28 9:00:00,13.6,8,1
2016/4/28 10:00:00,14.0,8,1
2016/4/28 11:00:00,14.3,8,1
2016/4/28 12:00:00,15.1,8,1
2016/4/28 13:00:00,14.7,8,1
2016/4/28 14:00:00,14.9,8,1
2016/4/28 15:00:00,15.0,8,1
2016/4/28 16:00:00,15.0,8,1
2016/4/28 17:00:00,14.9,8,1
2016/4/28 18:00:00,14.8,8,1
2016/4/28 19:00:00,14.8,8,1
2016/4/28 20:00:00,14.7,8,1
2016/4/28 21:00:00,14.6,8,1
2016/4/28 22:00:00,14.7,8,1
2016/4/28 23:00:00,14.7,8,1
2016/4/29 00:00:00,14.4,8,1
2016/4/29 1:00:00,14.5,8,1
2016/4/29 2:00:00,14.4,8,1
2016/4/29 3:00:00,14.1,8,1
2016/4/29 4:00:00,15.5,8,1
2016/4/29 5:00:00,14.9,8,1
2016/4/29 6:00:00,14.9,8,1
2016/4/29 7:00:00,15.4,8,1
2016/4/29 8:00:00,16.7,8,1
2016/4/29 9:00:00,16.8,8,1
2016/4/29 10:00:00,18.3,8,1
2016/4/29 11:00:00,19.0,8,1
2016/4/29 12:00:00,18.6,8,1
2016/4/29 13:00:00,19.3,8,1
2016/4/29 14:00:00,19.8,8,1
2016/4/29 15:00:00,19.4,8,1
2016/4/29 16:00:00,17.9,8,1
2016/4/29 17:00:00,15.9,8,1
2016/4/29 18:00:00,14.7,8,1
2016/4/29 19:00:00,14.0,8,1
2016/4/29 20:00:00,13.9,8,1
2016/4/29 21:00:00,12.9,8,1
2016/4/29 22:00:00,13.2,8,1
2016/4/29 23:00:00,12.2,8,1
2016/4/30 00:00:00,11.9,8,1
2016/4/30 1:00:00,12.8,8,1
2016/4/30 2:00:00,13.1,8,1
2016/4/30 3:00:00,12.4,8,1
2016/4/30 4:00:00,11.7,8,1
2016/4/30 5:00:00,11.2,8,1
2016/4/30 6:00:00,11.5,8,1
2016/4/30 7:00:00,13.7,8,1
2016/4/30 8:00:00,16.5,8,1
2016/4/30 9:00:00,17.6,8,1
2016/4/30 10:00:00,19.8,8,1
2016/4/30 11:00:00,19.7,8,1
2016/4/30 12:00:00,19.0,8,1
2016/4/30 13:00:00,19.5,8,1
2016/4/30 14:00:00,20.1,8,1
2016/4/30 15:00:00,19.6,8,1
2016/4/30 16:00:00,19.3,8,1
2016/4/30 17:00:00,17.8,8,1
2016/4/30 18:00:00,16.7,8,1
2016/4/30 19:00:00,16.1,8,1
2016/4/30 20:00:00,15.8,8,1
2016/4/30 21:00:00,15.9,8,1
2016/4/30 22:00:00,14.6,8,1
2016/4/30 23:00:00,14.1,8,1
2016/5/1 00:00:00,14.4,8,1
2016/5/1 1:00:00,14.0,8,1
2016/5/1 2:00:00,14.3,8,1
2016/5/1 3:00:00,12.9,8,1
2016/5/1 4:00:00,12.0,8,1
2016/5/1 5:00:00,12.4,8,1
2016/5/1 6:00:00,13.6,8,1
2016/5/1 7:00:00,14.9,8,1
2016/5/1 8:00:00,16.8,8,1
2016/5/1 9:00:00,18.1,8,1
2016/5/1 10:00:00,19.0,8,1
2016/5/1 11:00:00,21.3,8,1
2016/5/1 12:00:00,22.6,8,1
2016/5/1 13:00:00,23.5,8,1
2016/5/1 14:00:00,23.3,8,1
2016/5/1 15:00:00,23.7,8,1
2016/5/1 16:00:00,23.4,8,1
2016/5/1 17:00:00,22.6,8,1
2016/5/1 18:00:00,20.9,8,1
2016/5/1 19:00:00,19.2,8,1
2016/5/1 20:00:00,19.5,8,1
2016/5/1 21:00:00,18.1,8,1
2016/5/1 22:00:00,17.7,8,1
2016/5/1 23:00:00,16.8,8,1
2016/5/2 00:00:00,16.3,8,1
2016/5/2 1:00:00,14.8,8,1
2016/5/2 2:00:00,13.9,8,1
2016/5/2 3:00:00,14.1,8,1
2016/5/2 4:00:00,13.3,8,1
2016/5/2 5:00:00,13.4,8,1
2016/5/2 6:00:00,14.2,8,1
2016/5/2 7:00:00,14.3,8,1
2016/5/2 8:00:00,15.8,8,1
2016/5/2 9:00:00,16.9,8,1
2016/5/2 10:00:00,16.8,8,1
2016/5/2 11:00:00,18.1,8,1
2016/5/2 12:00:00,19.3,8,1
2016/5/2 13:00:00,20.9,8,1
2016/5/2 14:00:00,20.3,8,1
2016/5/2 15:00:00,20.6,8,1
2016/5/2 16:00:00,20.5,8,1
2016/5/2 17:00:00,20.1,8,1
2016/5/2 18:00:00,19.7,8,1
2016/5/2 19:00:00,19.1,8,1
2016/5/2 20:00:00,18.6,8,1
2016/5/2 21:00:00,18.3,8,1
2016/5/2 22:00:00,18.0,8,1
2016/5/2 23:00:00,17.9,8,1
2016/5/3 00:00:00,17.8,8,1
2016/5/3 1:00:00,17.6,8,1
2016/5/3 2:00:00,17.8,8,1
2016/5/3 3:00:00,18.0,8,1
2016/5/3 4:00:00,17.5,8,1
2016/5/3 5:00:00,17.3,8,1
2016/5/3 6:00:00,18.3,8,1
2016/5/3 7:00:00,19.2,8,1
2016/5/3 8:00:00,20.9,8,1
2016/5/3 9:00:00,22.4,8,1
2016/5/3 10:00:00,22.6,8,1
2016/5/3 11:00:00,23.8,8,1
2016/5/3 12:00:00,23.9,8,1
2016/5/3 13:00:00,22.7,8,1
2016/5/3 14:00:00,23.0,8,1
2016/5/3 15:00:00,22.8,8,1
2016/5/3 16:00:00,21.2,8,1
2016/5/3 17:00:00,20.8,8,1
2016/5/3 18:00:00,20.4,8,1
2016/5/3 19:00:00,19.8,8,1
2016/5/3 20:00:00,19.9,8,1
2016/5/3 21:00:00,20.0,8,1
2016/5/3 22:00:00,19.7,8,1
2016/5/3 23:00:00,19.7,8,1
2016/5/4 00:00:00,19.7,8,1
2016/5/4 1:00:00,19.7,8,1
2016/5/4 2:00:00,19.8,8,1
2016/5/4 3:00:00,19.9,8,1
2016/5/4 4:00:00,19.8,8,1
2016/5/4 5:00:00,20.3,8,1
2016/5/4 6:00:00,18.8,8,1
2016/5/4 7:00:00,19.0,8,1
2016/5/4 8:00:00,19.6,8,1
2016/5/4 9:00:00,21.4,8,1
2016/5/4 10:00:00,23.9,8,1
2016/5/4 11:00:00,25.5,8,1
2016/5/4 12:00:00,25.8,8,1
2016/5/4 13:00:00,26.6,8,1
2016/5/4 14:00:00,25.1,8,1
2016/5/4 15:00:00,26.8,8,1
2016/5/4 16:00:00,25.9,8,1
2016/5/4 17:00:00,24.8,8,1
2016/5/4 18:00:00,23.3,8,1
2016/5/4 19:00:00,22.1,8,1
2016/5/4 20:00:00,21.4,8,1
2016/5/4 21:00:00,21.0,8,1
2016/5/4 22:00:00,20.6,8,1
2016/5/4 23:00:00,20.8,8,1
2016/5/5 00:00:00,19.3,8,1
2016/5/5 1:00:00,19.7,8,1
2016/5/5 2:00:00,18.8,8,1
2016/5/5 3:00:00,18.9,8,1
2016/5/5 4:00:00,18.3,8,1
2016/5/5 5:00:00,17.3,8,1
2016/5/5 6:00:00,19.1,8,1
2016/5/5 7:00:00,20.9,8,1
2016/5/5 8:00:00,22.7,8,1
2016/5/5 9:00:00,24.5,8,1
2016/5/5 10:00:00,25.0,8,1
2016/5/5 11:00:00,25.3,8,1
2016/5/5 12:00:00,26.5,8,1
2016/5/5 13:00:00,27.1,8,1
2016/5/5 14:00:00,26.3,8,1
2016/5/5 15:00:00,25.6,8,1
2016/5/5 16:00:00,25.5,8,1
2016/5/5 17:00:00,24.1,8,1
2016/5/5 18:00:00,23.0,8,1
2016/5/5 19:00:00,21.1,8,1
2016/5/5 20:00:00,21.9,8,1
2016/5/5 21:00:00,20.6,8,1
2016/5/5 22:00:00,19.6,8,1
2016/5/5 23:00:00,19.2,8,1
2016/5/6 00:00:00,18.4,8,1
2016/5/6 1:00:00,17.9,8,1
2016/5/6 2:00:00,16.6,8,1
2016/5/6 3:00:00,15.5,8,1
2016/5/6 4:00:00,16.6,8,1
2016/5/6 5:00:00,16.4,8,1
2016/5/6 6:00:00,16.5,8,1
2016/5/6 7:00:00,18.4,8,1
2016/5/6 8:00:00,19.4,8,1
2016/5/6 9:00:00,20.2,8,1
2016/5/6 10:00:00,20.5,8,1
2016/5/6 11:00:00,21.1,8,1
2016/5/6 12:00:00,20.9,8,1
2016/5/6 13:00:00,21.2,8,1
2016/5/6 14:00:00,20.7,8,1
2016/5/6 15:00:00,19.5,8,1
2016/5/6 16:00:00,19.1,8,1
2016/5/6 17:00:00,18.3,8,1
2016/5/6 18:00:00,17.7,8,1
2016/5/6 19:00:00,17.5,8,1
2016/5/6 20:00:00,17.4,8,1
2016/5/6 21:00:00,16.6,8,1
2016/5/6 22:00:00,15.9,8,1
2016/5/6 23:00:00,15.4,8,1
2016/5/7 00:00:00,15.8,8,1
2016/5/7 1:00:00,16.7,8,1
2016/5/7 2:00:00,18.0,8,1
2016/5/7 3:00:00,18.1,8,1
2016/5/7 4:00:00,18.0,8,1
2016/5/7 5:00:00,17.6,8,1
2016/5/7 6:00:00,17.7,8,1
2016/5/7 7:00:00,19.1,8,1
2016/5/7 8:00:00,20.5,8,1
2016/5/7 9:00:00,22.1,8,1
2016/5/7 10:00:00,23.3,8,1
2016/5/7 11:00:00,23.1,8,1
2016/5/7 12:00:00,23.1,8,1
2016/5/7 13:00:00,24.1,8,1
2016/5/7 14:00:00,24.8,8,1
2016/5/7 15:00:00,25.1,8,1
2016/5/7 16:00:00,24.3,8,1
2016/5/7 17:00:00,24.1,8,1
2016/5/7 18:00:00,22.8,8,1
2016/5/7 19:00:00,20.5,8,1
2016/5/7 20:00:00,19.9,8,1
2016/5/7 21:00:00,21.1,8,1
2016/5/7 22:00:00,22.5,8,1
2016/5/7 23:00:00,21.8,8,1
2016/5/8 00:00:00,20.3,8,1
2016/5/8 1:00:00,19.9,8,1
2016/5/8 2:00:00,19.5,8,1
2016/5/8 3:00:00,19.0,8,1
2016/5/8 4:00:00,18.5,8,1
2016/5/8 5:00:00,17.7,8,1
2016/5/8 6:00:00,17.9,8,1
2016/5/8 7:00:00,19.8,8,1
2016/5/8 8:00:00,20.5,8,1
2016/5/8 9:00:00,22.6,8,1
2016/5/8 10:00:00,24.2,8,1
2016/5/8 11:00:00,25.7,8,1
2016/5/8 12:00:00,26.3,8,1
2016/5/8 13:00:00,26.7,8,1
2016/5/8 14:00:00,25.7,8,1
2016/5/8 15:00:00,25.3,8,1
2016/5/8 16:00:00,23.0,8,1
2016/5/8 17:00:00,21.8,8,1
2016/5/8 18:00:00,20.7,8,1
2016/5/8 19:00:00,19.9,8,1
2016/5/8 20:00:00,19.3,8,1
2016/5/8 21:00:00,19.3,8,1
2016/5/8 22:00:00,19.4,8,1
2016/5/8 23:00:00,19.1,8,1
2016/5/9 00:00:00,18.9,8,1
2016/5/9 1:00:00,18.7,8,1
2016/5/9 2:00:00,18.7,8,1
2016/5/9 3:00:00,18.4,8,1
2016/5/9 4:00:00,18.5,8,1
2016/5/9 5:00:00,18.2,8,1
2016/5/9 6:00:00,18.5,8,1
2016/5/9 7:00:00,19.5,8,1
2016/5/9 8:00:00,20.1,8,1
2016/5/9 9:00:00,20.6,8,1
2016/5/9 10:00:00,21.1,8,1
2016/5/9 11:00:00,21.4,8,1
2016/5/9 12:00:00,21.3,8,1
2016/5/9 13:00:00,20.7,8,1
2016/5/9 14:00:00,19.7,8,1
2016/5/9 15:00:00,18.2,8,1
2016/5/9 16:00:00,17.9,8,1
2016/5/9 17:00:00,17.3,8,1
2016/5/9 18:00:00,16.8,8,1
2016/5/9 19:00:00,16.4,8,1
2016/5/9 20:00:00,16.3,8,1
2016/5/9 21:00:00,16.3,8,1
2016/5/9 22:00:00,16.4,8,1
2016/5/9 23:00:00,16.7,8,1
2016/5/10 00:00:00,16.4,8,1
2016/5/10 1:00:00,16.3,8,1
2016/5/10 2:00:00,16.3,8,1
2016/5/10 3:00:00,16.3,8,1
2016/5/10 4:00:00,16.3,8,1
2016/5/10 5:00:00,16.1,8,1
2016/5/10 6:00:00,16.3,8,1
2016/5/10 7:00:00,16.5,8,1
2016/5/10 8:00:00,17.0,8,1
2016/5/10 9:00:00,18.0,8,1
2016/5/10 10:00:00,18.9,8,1
2016/5/10 11:00:00,20.1,8,1
2016/5/10 12:00:00,20.3,8,1
2016/5/10 13:00:00,21.6,8,1
2016/5/10 14:00:00,21.1,8,1
2016/5/10 15:00:00,21.8,8,1
2016/5/10 16:00:00,21.0,8,1
2016/5/10 17:00:00,20.7,8,1
2016/5/10 18:00:00,20.6,8,1
2016/5/10 19:00:00,19.7,8,1
2016/5/10 20:00:00,18.7,8,1
2016/5/10 21:00:00,17.7,8,1
2016/5/10 22:00:00,17.3,8,1
2016/5/10 23:00:00,16.6,8,1
2016/5/11 00:00:00,16.3,8,1
2016/5/11 1:00:00,16.1,8,1
2016/5/11 2:00:00,16.2,8,1
2016/5/11 3:00:00,16.2,8,1
2016/5/11 4:00:00,16.5,8,1
2016/5/11 5:00:00,16.6,8,1
2016/5/11 6:00:00,17.3,8,1
2016/5/11 7:00:00,21.7,8,1
2016/5/11 8:00:00,23.7,8,1
2016/5/11 9:00:00,24.6,8,1
2016/5/11 10:00:00,24.9,8,1
2016/5/11 11:00:00,26.0,8,1
2016/5/11 12:00:00,25.3,8,1
2016/5/11 13:00:00,24.5,8,1
2016/5/11 14:00:00,24.6,8,1
2016/5/11 15:00:00,24.0,8,1
2016/5/11 16:00:00,24.0,8,1
2016/5/11 17:00:00,23.4,8,1
2016/5/11 18:00:00,22.5,8,1
2016/5/11 19:00:00,21.4,8,1
2016/5/11 20:00:00,21.3,8,1
2016/5/11 21:00:00,21.1,8,1
2016/5/11 22:00:00,21.0,8,1
2016/5/11 23:00:00,19.9,8,1
2016/5/12 00:00:00,19.6,8,1
2016/5/12 1:00:00,19.7,8,1
2016/5/12 2:00:00,18.6,8,1
2016/5/12 3:00:00,18.3,8,1
2016/5/12 4:00:00,18.0,8,1
2016/5/12 5:00:00,18.4,8,1
2016/5/12 6:00:00,18.7,8,1
2016/5/12 7:00:00,20.4,8,1
2016/5/12 8:00:00,21.9,8,1
2016/5/12 9:00:00,23.0,8,1
2016/5/12 10:00:00,24.3,8,1
2016/5/12 11:00:00,25.0,8,1
2016/5/12 12:00:00,27.0,8,1
2016/5/12 13:00:00,27.3,8,1
2016/5/12 14:00:00,26.2,8,1
2016/5/12 15:00:00,26.0,8,1
2016/5/12 16:00:00,24.9,8,1
2016/5/12 17:00:00,23.4,8,1
2016/5/12 18:00:00,22.6,8,1
2016/5/12 19:00:00,21.7,8,1
2016/5/12 20:00:00,20.9,8,1
2016/5/12 21:00:00,19.8,8,1
2016/5/12 22:00:00,18.5,8,1
2016/5/12 23:00:00,17.6,8,1
2016/5/13 00:00:00,18.6,8,1
2016/5/13 1:00:00,17.9,8,1
2016/5/13 2:00:00,17.4,8,1
2016/5/13 3:00:00,17.8,8,1
2016/5/13 4:00:00,17.5,8,1
2016/5/13 5:00:00,17.5,8,1
2016/5/13 6:00:00,19.2,8,1
2016/5/13 7:00:00,20.7,8,1
2016/5/13 8:00:00,21.7,8,1
2016/5/13 9:00:00,22.9,8,1
2016/5/13 10:00:00,23.5,8,1
2016/5/13 11:00:00,24.0,8,1
2016/5/13 12:00:00,24.8,8,1
2016/5/13 13:00:00,25.8,8,1
2016/5/13 14:00:00,25.6,8,1
2016/5/13 15:00:00,25.9,8,1
2016/5/13 16:00:00,25.4,8,1
2016/5/13 17:00:00,23.9,8,1
2016/5/13 18:00:00,22.1,8,1
2016/5/13 19:00:00,20.7,8,1
2016/5/13 20:00:00,20.1,8,1
2016/5/13 21:00:00,19.9,8,1
2016/5/13 22:00:00,19.2,8,1
2016/5/13 23:00:00,18.4,8,1
2016/5/14 00:00:00,17.8,8,1
2016/5/14 1:00:00,17.5,8,1
2016/5/14 2:00:00,18.7,8,1
2016/5/14 3:00:00,19.2,8,1
2016/5/14 4:00:00,18.9,8,1
2016/5/14 5:00:00,17.9,8,1
2016/5/14 6:00:00,19.3,8,1
2016/5/14 7:00:00,20.8,8,1
2016/5/14 8:00:00,22.4,8,1
2016/5/14 9:00:00,23.0,8,1
2016/5/14 10:00:00,22.9,8,1
2016/5/14 11:00:00,23.4,8,1
2016/5/14 12:00:00,23.5,8,1
2016/5/14 13:00:00,23.5,8,1
2016/5/14 14:00:00,23.7,8,1
2016/5/14 15:00:00,23.3,8,1
2016/5/14 16:00:00,22.3,8,1
2016/5/14 17:00:00,20.5,8,1
2016/5/14 18:00:00,18.5,8,1
2016/5/14 19:00:00,17.6,8,1
2016/5/14 20:00:00,17.1,8,1
2016/5/14 21:00:00,16.1,8,1
2016/5/14 22:00:00,15.3,8,1
2016/5/14 23:00:00,14.8,8,1
2016/5/15 00:00:00,14.4,8,1
2016/5/15 1:00:00,13.5,8,1
2016/5/15 2:00:00,13.2,8,1
2016/5/15 3:00:00,13.5,8,1
2016/5/15 4:00:00,12.9,8,1
2016/5/15 5:00:00,13.2,8,1
2016/5/15 6:00:00,14.2,8,1
2016/5/15 7:00:00,15.6,8,1
2016/5/15 8:00:00,17.2,8,1
2016/5/15 9:00:00,18.9,8,1
2016/5/15 10:00:00,19.4,8,1
2016/5/15 11:00:00,20.0,8,1
2016/5/15 12:00:00,21.4,8,1
2016/5/15 13:00:00,22.5,8,1
2016/5/15 14:00:00,22.2,8,1
2016/5/15 15:00:00,22.4,8,1
2016/5/15 16:00:00,22.4,8,1
2016/5/15 17:00:00,20.4,8,1
2016/5/15 18:00:00,19.0,8,1
2016/5/15 19:00:00,18.1,8,1
2016/5/15 20:00:00,17.2,8,1
2016/5/15 21:00:00,16.3,8,1
2016/5/15 22:00:00,16.4,8,1
2016/5/15 23:00:00,16.2,8,1
2016/5/16 00:00:00,16.0,8,1
2016/5/16 1:00:00,15.5,8,1
2016/5/16 2:00:00,15.5,8,1
2016/5/16 3:00:00,14.9,8,1
2016/5/16 4:00:00,14.7,8,1
2016/5/16 5:00:00,15.2,8,1
2016/5/16 6:00:00,15.6,8,1
2016/5/16 7:00:00,16.2,8,1
2016/5/16 8:00:00,17.3,8,1
2016/5/16 9:00:00,18.9,8,1
2016/5/16 10:00:00,20.3,8,1
2016/5/16 11:00:00,22.2,8,1
2016/5/16 12:00:00,21.7,8,1
2016/5/16 13:00:00,22.6,8,1
2016/5/16 14:00:00,21.5,8,1
2016/5/16 15:00:00,21.2,8,1
2016/5/16 16:00:00,21.5,8,1
2016/5/16 17:00:00,21.5,8,1
2016/5/16 18:00:00,20.5,8,1
2016/5/16 19:00:00,20.0,8,1
2016/5/16 20:00:00,19.9,8,1
2016/5/16 21:00:00,19.6,8,1
2016/5/16 22:00:00,19.5,8,1
2016/5/16 23:00:00,19.6,8,1
2016/5/17 00:00:00,19.6,8,1
2016/5/17 1:00:00,19.8,8,1
2016/5/17 2:00:00,19.9,8,1
2016/5/17 3:00:00,20.1,8,1
2016/5/17 4:00:00,20.2,8,1
2016/5/17 5:00:00,19.4,8,1
2016/5/17 6:00:00,19.1,8,1
2016/5/17 7:00:00,19.3,8,1
2016/5/17 8:00:00,19.4,8,1
2016/5/17 9:00:00,19.7,8,1
2016/5/17 10:00:00,19.8,8,1
2016/5/17 11:00:00,20.2,8,1
2016/5/17 12:00:00,18.8,8,1
2016/5/17 13:00:00,17.9,8,1
2016/5/17 14:00:00,18.0,8,1
2016/5/17 15:00:00,18.3,8,1
2016/5/17 16:00:00,17.3,8,1
2016/5/17 17:00:00,17.1,8,1
2016/5/17 18:00:00,17.2,8,1
2016/5/17 19:00:00,16.9,8,1
2016/5/17 20:00:00,16.7,8,1
2016/5/17 21:00:00,16.4,8,1
2016/5/17 22:00:00,16.1,8,1
2016/5/17 23:00:00,15.6,8,1
2016/5/18 00:00:00,15.5,8,1
2016/5/18 1:00:00,15.2,8,1
2016/5/18 2:00:00,15.3,8,1
2016/5/18 3:00:00,15.0,8,1
2016/5/18 4:00:00,14.6,8,1
2016/5/18 5:00:00,13.2,8,1
2016/5/18 6:00:00,14.3,8,1
2016/5/18 7:00:00,16.4,8,1
2016/5/18 8:00:00,19.2,8,1
2016/5/18 9:00:00,21.2,8,1
2016/5/18 10:00:00,23.2,8,1
2016/5/18 11:00:00,24.7,8,1
2016/5/18 12:00:00,25.0,8,1
2016/5/18 13:00:00,25.7,8,1
2016/5/18 14:00:00,26.4,8,1
2016/5/18 15:00:00,26.0,8,1
2016/5/18 16:00:00,24.6,8,1
2016/5/18 17:00:00,23.4,8,1
2016/5/18 18:00:00,22.3,8,1
2016/5/18 19:00:00,21.0,8,1
2016/5/18 20:00:00,20.5,8,1
2016/5/18 21:00:00,19.4,8,1
2016/5/18 22:00:00,18.3,8,1
2016/5/18 23:00:00,18.0,8,1
2016/5/19 00:00:00,17.3,8,1
2016/5/19 1:00:00,15.2,8,1
2016/5/19 2:00:00,16.7,8,1
2016/5/19 3:00:00,16.8,8,1
2016/5/19 4:00:00,16.2,8,1
2016/5/19 5:00:00,15.6,8,1
2016/5/19 6:00:00,16.3,8,1
2016/5/19 7:00:00,18.3,8,1
2016/5/19 8:00:00,20.2,8,1
2016/5/19 9:00:00,21.6,8,1
2016/5/19 10:00:00,23.5,8,1
2016/5/19 11:00:00,23.6,8,1
2016/5/19 12:00:00,24.3,8,1
2016/5/19 13:00:00,24.1,8,1
2016/5/19 14:00:00,23.7,8,1
2016/5/19 15:00:00,23.0,8,1
2016/5/19 16:00:00,22.3,8,1
2016/5/19 17:00:00,21.1,8,1
2016/5/19 18:00:00,20.1,8,1
2016/5/19 19:00:00,18.8,8,1
2016/5/19 20:00:00,17.6,8,1
2016/5/19 21:00:00,16.9,8,1
2016/5/19 22:00:00,16.4,8,1
2016/5/19 23:00:00,16.2,8,1
2016/5/20 00:00:00,15.7,8,1
2016/5/20 1:00:00,15.6,8,1
2016/5/20 2:00:00,15.2,8,1
2016/5/20 3:00:00,15.2,8,1
2016/5/20 4:00:00,15.0,8,1
2016/5/20 5:00:00,14.8,8,1
2016/5/20 6:00:00,16.0,8,1
2016/5/20 7:00:00,16.2,8,1
2016/5/20 8:00:00,17.2,8,1
2016/5/20 9:00:00,17.4,8,1
2016/5/20 10:00:00,18.1,8,1
2016/5/20 11:00:00,18.5,8,1
2016/5/20 12:00:00,19.2,8,1
2016/5/20 13:00:00,20.8,8,1
2016/5/20 14:00:00,19.5,8,1
2016/5/20 15:00:00,19.5,8,1
2016/5/20 16:00:00,18.8,8,1
2016/5/20 17:00:00,18.8,8,1
2016/5/20 18:00:00,18.2,8,1
2016/5/20 19:00:00,17.9,8,1
2016/5/20 20:00:00,17.2,8,1
2016/5/20 21:00:00,16.6,8,1
2016/5/20 22:00:00,16.0,8,1
2016/5/20 23:00:00,15.6,8,1
2016/5/21 00:00:00,14.7,8,1
2016/5/21 1:00:00,14.4,8,1
2016/5/21 2:00:00,13.9,8,1
2016/5/21 3:00:00,14.0,8,1
2016/5/21 4:00:00,12.9,8,1
2016/5/21 5:00:00,13.7,8,1
2016/5/21 6:00:00,14.7,8,1
2016/5/21 7:00:00,16.0,8,1
2016/5/21 8:00:00,17.2,8,1
2016/5/21 9:00:00,19.3,8,1
2016/5/21 10:00:00,20.5,8,1
2016/5/21 11:00:00,23.0,8,1
2016/5/21 12:00:00,23.5,8,1
2016/5/21 13:00:00,24.9,8,1
2016/5/21 14:00:00,25.0,8,1
2016/5/21 15:00:00,25.3,8,1
2016/5/21 16:00:00,24.1,8,1
2016/5/21 17:00:00,22.7,8,1
2016/5/21 18:00:00,20.6,8,1
2016/5/21 19:00:00,20.1,8,1
2016/5/21 20:00:00,19.2,8,1
2016/5/21 21:00:00,18.8,8,1
2016/5/21 22:00:00,17.7,8,1
2016/5/21 23:00:00,18.2,8,1
2016/5/22 00:00:00,18.6,8,1
2016/5/22 1:00:00,19.0,8,1
2016/5/22 2:00:00,18.7,8,1
2016/5/22 3:00:00,18.4,8,1
2016/5/22 4:00:00,17.9,8,1
2016/5/22 5:00:00,18.0,8,1
2016/5/22 6:00:00,18.8,8,1
2016/5/22 7:00:00,20.6,8,1
2016/5/22 8:00:00,22.1,8,1
2016/5/22 9:00:00,23.6,8,1
2016/5/22 10:00:00,25.4,8,1
2016/5/22 11:00:00,26.1,8,1
2016/5/22 12:00:00,26.9,8,1
2016/5/22 13:00:00,27.8,8,1
2016/5/22 14:00:00,28.1,8,1
2016/5/22 15:00:00,28.7,8,1
2016/5/22 16:00:00,28.7,8,1
2016/5/22 17:00:00,25.2,8,1
2016/5/22 18:00:00,23.9,8,1
2016/5/22 19:00:00,22.7,8,1
2016/5/22 20:00:00,20.8,8,1
2016/5/22 21:00:00,19.1,8,1
2016/5/22 22:00:00,19.2,8,1
2016/5/22 23:00:00,19.6,8,1
2016/5/23 00:00:00,17.1,8,1
2016/5/23 1:00:00,16.1,8,1
2016/5/23 2:00:00,16.9,8,1
2016/5/23 3:00:00,16.9,8,1
2016/5/23 4:00:00,15.4,8,1
2016/5/23 5:00:00,15.7,8,1
2016/5/23 6:00:00,18.4,8,1
2016/5/23 7:00:00,21.3,8,1
2016/5/23 8:00:00,23.4,8,1
2016/5/23 9:00:00,25.2,8,1
2016/5/23 10:00:00,26.6,8,1
2016/5/23 11:00:00,28.0,8,1
2016/5/23 12:00:00,30.5,8,1
2016/5/23 13:00:00,29.3,8,1
2016/5/23 14:00:00,30.0,8,1
2016/5/23 15:00:00,29.4,8,1
2016/5/23 16:00:00,28.9,8,1
2016/5/23 17:00:00,28.4,8,1
2016/5/23 18:00:00,27.3,8,1
2016/5/23 19:00:00,25.6,8,1
2016/5/23 20:00:00,24.2,8,1
2016/5/23 21:00:00,23.4,8,1
2016/5/23 22:00:00,21.8,8,1
2016/5/23 23:00:00,21.3,8,1
2016/5/24 00:00:00,20.7,8,1
2016/5/24 1:00:00,20.1,8,1
2016/5/24 2:00:00,19.5,8,1
2016/5/24 3:00:00,18.7,8,1
2016/5/24 4:00:00,18.9,8,1
2016/5/24 5:00:00,18.0,8,1
2016/5/24 6:00:00,20.1,8,1
2016/5/24 7:00:00,22.5,8,1
2016/5/24 8:00:00,23.8,8,1
2016/5/24 9:00:00,27.0,8,1
2016/5/24 10:00:00,26.6,8,1
2016/5/24 11:00:00,27.5,8,1
2016/5/24 12:00:00,28.9,8,1
2016/5/24 13:00:00,27.6,8,1
2016/5/24 14:00:00,28.4,8,1
2016/5/24 15:00:00,26.5,8,1
2016/5/24 16:00:00,26.4,8,1
2016/5/24 17:00:00,25.8,8,1
2016/5/24 18:00:00,24.3,8,1
2016/5/24 19:00:00,22.8,8,1
2016/5/24 20:00:00,22.2,8,1
2016/5/24 21:00:00,21.3,8,1
2016/5/24 22:00:00,22.1,8,1
2016/5/24 23:00:00,22.0,8,1
2016/5/25 00:00:00,21.6,8,1
2016/5/25 1:00:00,21.5,8,1
2016/5/25 2:00:00,21.0,8,1
2016/5/25 3:00:00,21.0,8,1
2016/5/25 4:00:00,20.7,8,1
2016/5/25 5:00:00,21.1,8,1
2016/5/25 6:00:00,21.3,8,1
2016/5/25 7:00:00,21.9,8,1
2016/5/25 8:00:00,23.0,8,1
2016/5/25 9:00:00,23.0,8,1
2016/5/25 10:00:00,23.5,8,1
2016/5/25 11:00:00,23.1,8,1
2016/5/25 12:00:00,23.7,8,1
2016/5/25 13:00:00,23.4,8,1
2016/5/25 14:00:00,24.2,8,1
2016/5/25 15:00:00,23.5,8,1
2016/5/25 16:00:00,22.7,8,1
2016/5/25 17:00:00,22.5,8,1
2016/5/25 18:00:00,22.4,8,1
2016/5/25 19:00:00,21.8,8,1
2016/5/25 20:00:00,21.6,8,1
2016/5/25 21:00:00,21.6,8,1
2016/5/25 22:00:00,21.3,8,1
2016/5/25 23:00:00,21.3,8,1
2016/5/26 00:00:00,21.4,8,1
2016/5/26 1:00:00,21.2,8,1
2016/5/26 2:00:00,20.6,8,1
2016/5/26 3:00:00,20.3,8,1
2016/5/26 4:00:00,20.5,8,1
2016/5/26 5:00:00,20.6,8,1
2016/5/26 6:00:00,21.3,8,1
2016/5/26 7:00:00,22.0,8,1
2016/5/26 8:00:00,23.5,8,1
2016/5/26 9:00:00,23.4,8,1
2016/5/26 10:00:00,23.8,8,1
2016/5/26 11:00:00,23.9,8,1
2016/5/26 12:00:00,24.7,8,1
2016/5/26 13:00:00,25.0,8,1
2016/5/26 14:00:00,25.7,8,1
2016/5/26 15:00:00,26.8,8,1
2016/5/26 16:00:00,25.9,8,1
2016/5/26 17:00:00,24.8,8,1
2016/5/26 18:00:00,23.6,8,1
2016/5/26 19:00:00,22.9,8,1
2016/5/26 20:00:00,22.7,8,1
2016/5/26 21:00:00,22.5,8,1
2016/5/26 22:00:00,22.5,8,1
2016/5/26 23:00:00,22.5,8,1
2016/5/27 00:00:00,22.2,8,1
2016/5/27 1:00:00,22.4,8,1
2016/5/27 2:00:00,22.0,8,1
2016/5/27 3:00:00,21.9,8,1
2016/5/27 4:00:00,20.9,8,1
2016/5/27 5:00:00,20.8,8,1
2016/5/27 6:00:00,21.1,8,1
2016/5/27 7:00:00,21.5,8,1
2016/5/27 8:00:00,22.0,8,1
2016/5/27 9:00:00,21.4,8,1
2016/5/27 10:00:00,20.9,8,1
2016/5/27 11:00:00,18.9,8,1
2016/5/27 12:00:00,18.5,8,1
2016/5/27 13:00:00,19.3,8,1
2016/5/27 14:00:00,18.8,8,1
2016/5/27 15:00:00,18.8,8,1
2016/5/27 16:00:00,19.3,8,1
2016/5/27 17:00:00,19.8,8,1
2016/5/27 18:00:00,18.8,8,1
2016/5/27 19:00:00,18.4,8,1
2016/5/27 20:00:00,17.2,8,1
2016/5/27 21:00:00,16.0,8,1
2016/5/27 22:00:00,16.1,8,1
2016/5/27 23:00:00,16.3,8,1
2016/5/28 00:00:00,15.2,8,1
2016/5/28 1:00:00,15.6,8,1
2016/5/28 2:00:00,15.7,8,1
2016/5/28 3:00:00,15.6,8,1
2016/5/28 4:00:00,15.7,8,1
2016/5/28 5:00:00,16.4,8,1
2016/5/28 6:00:00,17.3,8,1
2016/5/28 7:00:00,18.3,8,1
2016/5/28 8:00:00,19.0,8,1
2016/5/28 9:00:00,19.8,8,1
2016/5/28 10:00:00,21.2,8,1
2016/5/28 11:00:00,21.6,8,1
2016/5/28 12:00:00,22.2,8,1
2016/5/28 13:00:00,22.7,8,1
2016/5/28 14:00:00,22.8,8,1
2016/5/28 15:00:00,21.8,8,1
2016/5/28 16:00:00,22.7,8,1
2016/5/28 17:00:00,22.2,8,1
2016/5/28 18:00:00,21.4,8,1
2016/5/28 19:00:00,20.6,8,1
2016/5/28 20:00:00,19.7,8,1
2016/5/28 21:00:00,18.9,8,1
2016/5/28 22:00:00,17.4,8,1
2016/5/28 23:00:00,17.0,8,1
2016/5/29 00:00:00,16.6,8,1
2016/5/29 1:00:00,16.5,8,1
2016/5/29 2:00:00,16.4,8,1
2016/5/29 3:00:00,16.3,8,1
2016/5/29 4:00:00,16.3,8,1
2016/5/29 5:00:00,16.7,8,1
2016/5/29 6:00:00,18.3,8,1
2016/5/29 7:00:00,19.6,8,1
2016/5/29 8:00:00,21.4,8,1
2016/5/29 9:00:00,23.6,8,1
2016/5/29 10:00:00,23.8,8,1
2016/5/29 11:00:00,24.9,8,1
2016/5/29 12:00:00,26.0,8,1
2016/5/29 13:00:00,26.3,8,1
2016/5/29 14:00:00,25.9,8,1
2016/5/29 15:00:00,25.9,8,1
2016/5/29 16:00:00,26.1,8,1
2016/5/29 17:00:00,24.7,8,1
2016/5/29 18:00:00,23.4,8,1
2016/5/29 19:00:00,22.5,8,1
2016/5/29 20:00:00,21.8,8,1
2016/5/29 21:00:00,21.3,8,1
2016/5/29 22:00:00,21.3,8,1
2016/5/29 23:00:00,21.2,8,1
2016/5/30 00:00:00,21.2,8,1
2016/5/30 1:00:00,21.1,8,1
2016/5/30 2:00:00,20.9,8,1
2016/5/30 3:00:00,20.4,8,1
2016/5/30 4:00:00,20.8,8,1
2016/5/30 5:00:00,19.7,8,1
2016/5/30 6:00:00,16.6,8,1
2016/5/30 7:00:00,16.0,8,1
2016/5/30 8:00:00,15.7,8,1
2016/5/30 9:00:00,16.2,8,1
2016/5/30 10:00:00,16.2,8,1
2016/5/30 11:00:00,16.9,8,1
2016/5/30 12:00:00,17.3,8,1
2016/5/30 13:00:00,16.3,8,1
2016/5/30 14:00:00,16.7,8,1
2016/5/30 15:00:00,16.8,8,1
2016/5/30 16:00:00,16.9,8,1
2016/5/30 17:00:00,17.1,8,1
2016/5/30 18:00:00,16.3,8,1
2016/5/30 19:00:00,16.1,8,1
2016/5/30 20:00:00,16.4,8,1
2016/5/30 21:00:00,16.6,8,1
2016/5/30 22:00:00,16.6,8,1
2016/5/30 23:00:00,16.5,8,1
2016/5/31 00:00:00,16.5,8,1
2016/5/31 1:00:00,16.5,8,1
2016/5/31 2:00:00,16.6,8,1
2016/5/31 3:00:00,16.5,8,1
2016/5/31 4:00:00,16.5,8,1
2016/5/31 5:00:00,16.5,8,1
2016/5/31 6:00:00,17.2,8,1
2016/5/31 7:00:00,17.9,8,1
2016/5/31 8:00:00,19.7,8,1
2016/5/31 9:00:00,20.5,8,1
2016/5/31 10:00:00,21.6,8,1
2016/5/31 11:00:00,22.3,8,1
2016/5/31 12:00:00,23.6,8,1
2016/5/31 13:00:00,23.6,8,1
2016/5/31 14:00:00,24.5,8,1
2016/5/31 15:00:00,23.6,8,1
2016/5/31 16:00:00,23.3,8,1
2016/5/31 17:00:00,22.7,8,1
2016/5/31 18:00:00,22.1,8,1
2016/5/31 19:00:00,21.1,8,1
2016/5/31 20:00:00,20.8,8,1
2016/5/31 21:00:00,20.9,8,1
2016/5/31 22:00:00,20.9,8,1
2016/5/31 23:00:00,20.9,8,1
2016/6/1 00:00:00,20.0,8,1
2016/6/1 1:00:00,19.6,8,1
2016/6/1 2:00:00,19.0,8,1
2016/6/1 3:00:00,19.1,8,1
2016/6/1 4:00:00,19.3,8,1
2016/6/1 5:00:00,19.3,8,1
2016/6/1 6:00:00,19.7,8,1
2016/6/1 7:00:00,19.7,8,1
2016/6/1 8:00:00,20.3,8,1
2016/6/1 9:00:00,22.0,8,1
2016/6/1 10:00:00,22.3,8,1
2016/6/1 11:00:00,24.2,8,1
2016/6/1 12:00:00,24.3,8,1
2016/6/1 13:00:00,25.7,8,1
2016/6/1 14:00:00,25.1,8,1
2016/6/1 15:00:00,24.9,8,1
2016/6/1 16:00:00,24.6,8,1
2016/6/1 17:00:00,24.2,8,1
2016/6/1 18:00:00,23.1,8,1
2016/6/1 19:00:00,21.7,8,1
2016/6/1 20:00:00,20.9,8,1
2016/6/1 21:00:00,20.2,8,1
2016/6/1 22:00:00,19.5,8,1
2016/6/1 23:00:00,18.8,8,1
2016/6/2 00:00:00,18.0,8,1
2016/6/2 1:00:00,17.6,8,1
2016/6/2 2:00:00,16.8,8,1
2016/6/2 3:00:00,16.7,8,1
2016/6/2 4:00:00,16.7,8,1
2016/6/2 5:00:00,16.9,8,1
2016/6/2 6:00:00,17.7,8,1
2016/6/2 7:00:00,19.3,8,1
2016/6/2 8:00:00,20.7,8,1
2016/6/2 9:00:00,21.7,8,1
2016/6/2 10:00:00,22.5,8,1
2016/6/2 11:00:00,23.8,8,1
2016/6/2 12:00:00,23.8,8,1
2016/6/2 13:00:00,24.9,8,1
2016/6/2 14:00:00,25.6,8,1
2016/6/2 15:00:00,25.6,8,1
2016/6/2 16:00:00,25.1,8,1
2016/6/2 17:00:00,23.7,8,1
2016/6/2 18:00:00,22.7,8,1
2016/6/2 19:00:00,21.1,8,1
2016/6/2 20:00:00,20.6,8,1
2016/6/2 21:00:00,19.2,8,1
2016/6/2 22:00:00,18.5,8,1
2016/6/2 23:00:00,17.7,8,1
2016/6/3 00:00:00,17.1,8,1
2016/6/3 1:00:00,15.9,8,1
2016/6/3 2:00:00,15.9,8,1
2016/6/3 3:00:00,14.6,8,1
2016/6/3 4:00:00,15.5,8,1
2016/6/3 5:00:00,14.6,8,1
2016/6/3 6:00:00,16.2,8,1
2016/6/3 7:00:00,17.3,8,1
2016/6/3 8:00:00,18.5,8,1
2016/6/3 9:00:00,19.0,8,1
2016/6/3 10:00:00,20.7,8,1
2016/6/3 11:00:00,22.6,8,1
2016/6/3 12:00:00,23.1,8,1
2016/6/3 13:00:00,22.7,8,1
2016/6/3 14:00:00,23.0,8,1
2016/6/3 15:00:00,22.7,8,1
2016/6/3 16:00:00,22.2,8,1
2016/6/3 17:00:00,21.9,8,1
2016/6/3 18:00:00,20.5,8,1
2016/6/3 19:00:00,20.0,8,1
2016/6/3 20:00:00,20.0,8,1
2016/6/3 21:00:00,19.8,8,1
2016/6/3 22:00:00,19.8,8,1
2016/6/3 23:00:00,19.5,8,1
2016/6/4 00:00:00,19.0,8,1
2016/6/4 1:00:00,19.0,8,1
2016/6/4 2:00:00,18.2,8,1
2016/6/4 3:00:00,17.8,8,1
2016/6/4 4:00:00,17.5,8,1
2016/6/4 5:00:00,16.6,8,1
2016/6/4 6:00:00,18.6,8,1
2016/6/4 7:00:00,20.8,8,1
2016/6/4 8:00:00,22.0,8,1
2016/6/4 9:00:00,24.0,8,1
2016/6/4 10:00:00,24.7,8,1
2016/6/4 11:00:00,25.5,8,1
2016/6/4 12:00:00,26.1,8,1
2016/6/4 13:00:00,25.9,8,1
2016/6/4 14:00:00,23.9,8,1
2016/6/4 15:00:00,23.7,8,1
2016/6/4 16:00:00,23.2,8,1
2016/6/4 17:00:00,22.9,8,1
2016/6/4 18:00:00,22.3,8,1
2016/6/4 19:00:00,22.0,8,1
2016/6/4 20:00:00,21.8,8,1
2016/6/4 21:00:00,21.9,8,1
2016/6/4 22:00:00,21.6,8,1
2016/6/4 23:00:00,21.5,8,1
2016/6/5 00:00:00,20.4,8,1
2016/6/5 1:00:00,20.3,8,1
2016/6/5 2:00:00,21.0,8,1
2016/6/5 3:00:00,20.9,8,1
2016/6/5 4:00:00,19.9,8,1
2016/6/5 5:00:00,18.6,8,1
2016/6/5 6:00:00,18.0,8,1
2016/6/5 7:00:00,17.9,8,1
2016/6/5 8:00:00,17.2,8,1
2016/6/5 9:00:00,17.8,8,1
2016/6/5 10:00:00,19.0,8,1
2016/6/5 11:00:00,19.9,8,1
2016/6/5 12:00:00,19.8,8,1
2016/6/5 13:00:00,20.1,8,1
2016/6/5 14:00:00,21.3,8,1
2016/6/5 15:00:00,22.4,8,1
2016/6/5 16:00:00,21.9,8,1
2016/6/5 17:00:00,21.7,8,1
2016/6/5 18:00:00,21.0,8,1
2016/6/5 19:00:00,18.7,8,1
2016/6/5 20:00:00,17.5,8,1
2016/6/5 21:00:00,17.0,8,1
2016/6/5 22:00:00,17.1,8,1
2016/6/5 23:00:00,16.7,8,1
2016/6/6 00:00:00,16.6,8,1
2016/6/6 1:00:00,17.8,8,1
2016/6/6 2:00:00,17.3,8,1
2016/6/6 3:00:00,17.5,8,1
2016/6/6 4:00:00,17.7,8,1
2016/6/6 5:00:00,17.9,8,1
2016/6/6 6:00:00,17.8,8,1
2016/6/6 7:00:00,18.4,8,1
2016/6/6 8:00:00,19.0,8,1
2016/6/6 9:00:00,19.7,8,1
2016/6/6 10:00:00,20.4,8,1
2016/6/6 11:00:00,21.3,8,1
2016/6/6 12:00:00,22.1,8,1
2016/6/6 13:00:00,22.2,8,1
2016/6/6 14:00:00,22.6,8,1
2016/6/6 15:00:00,22.8,8,1
2016/6/6 16:00:00,22.7,8,1
2016/6/6 17:00:00,22.0,8,1
2016/6/6 18:00:00,21.8,8,1
2016/6/6 19:00:00,21.2,8,1
2016/6/6 20:00:00,20.6,8,1
2016/6/6 21:00:00,20.0,8,1
2016/6/6 22:00:00,19.6,8,1
2016/6/6 23:00:00,19.4,8,1
2016/6/7 00:00:00,18.8,8,1
2016/6/7 1:00:00,19.2,8,1
2016/6/7 2:00:00,18.8,8,1
2016/6/7 3:00:00,18.4,8,1
2016/6/7 4:00:00,18.5,8,1
2016/6/7 5:00:00,18.8,8,1
2016/6/7 6:00:00,18.9,8,1
2016/6/7 7:00:00,18.7,8,1
2016/6/7 8:00:00,19.2,8,1
2016/6/7 9:00:00,19.8,8,1
2016/6/7 10:00:00,20.0,8,1
2016/6/7 11:00:00,19.7,8,1
2016/6/7 12:00:00,19.9,8,1
2016/6/7 13:00:00,19.4,8,1
2016/6/7 14:00:00,19.8,8,1
2016/6/7 15:00:00,20.3,8,1
2016/6/7 16:00:00,20.4,8,1
2016/6/7 17:00:00,20.7,8,1
2016/6/7 18:00:00,20.4,8,1
2016/6/7 19:00:00,19.9,8,1
2016/6/7 20:00:00,20.2,8,1
2016/6/7 21:00:00,20.5,8,1
2016/6/7 22:00:00,20.2,8,1
2016/6/7 23:00:00,19.9,8,1
2016/6/8 00:00:00,19.9,8,1
2016/6/8 1:00:00,19.8,8,1
2016/6/8 2:00:00,19.0,8,1
2016/6/8 3:00:00,18.0,8,1
2016/6/8 4:00:00,16.7,8,1
2016/6/8 5:00:00,17.0,8,1
2016/6/8 6:00:00,17.8,8,1
2016/6/8 7:00:00,19.5,8,1
2016/6/8 8:00:00,20.8,8,1
2016/6/8 9:00:00,21.8,8,1
2016/6/8 10:00:00,23.2,8,1
2016/6/8 11:00:00,25.7,8,1
2016/6/8 12:00:00,26.0,8,1
2016/6/8 13:00:00,26.4,8,1
2016/6/8 14:00:00,25.4,8,1
2016/6/8 15:00:00,24.6,8,1
2016/6/8 16:00:00,25.5,8,1
2016/6/8 17:00:00,24.2,8,1
2016/6/8 18:00:00,24.0,8,1
2016/6/8 19:00:00,23.3,8,1
2016/6/8 20:00:00,21.9,8,1
2016/6/8 21:00:00,21.4,8,1
2016/6/8 22:00:00,21.3,8,1
2016/6/8 23:00:00,21.5,8,1
2016/6/9 00:00:00,21.2,8,1
2016/6/9 1:00:00,20.9,8,1
2016/6/9 2:00:00,19.7,8,1
2016/6/9 3:00:00,19.8,8,1
2016/6/9 4:00:00,19.8,8,1
2016/6/9 5:00:00,19.7,8,1
2016/6/9 6:00:00,20.0,8,1
2016/6/9 7:00:00,20.3,8,1
2016/6/9 8:00:00,20.5,8,1
2016/6/9 9:00:00,20.7,8,1
2016/6/9 10:00:00,21.0,8,1
2016/6/9 11:00:00,21.4,8,1
2016/6/9 12:00:00,22.0,8,1
2016/6/9 13:00:00,21.9,8,1
2016/6/9 14:00:00,22.0,8,1
2016/6/9 15:00:00,22.7,8,1
2016/6/9 16:00:00,23.4,8,1
2016/6/9 17:00:00,22.9,8,1
2016/6/9 18:00:00,22.1,8,1
2016/6/9 19:00:00,21.7,8,1
2016/6/9 20:00:00,21.2,8,1
2016/6/9 21:00:00,21.8,8,1
2016/6/9 22:00:00,22.1,8,1
2016/6/9 23:00:00,21.3,8,1
2016/6/10 00:00:00,20.5,8,1
2016/6/10 1:00:00,20.6,8,1
2016/6/10 2:00:00,20.0,8,1
2016/6/10 3:00:00,20.3,8,1
2016/6/10 4:00:00,21.1,8,1
2016/6/10 5:00:00,20.9,8,1
2016/6/10 6:00:00,21.8,8,1
2016/6/10 7:00:00,23.2,8,1
2016/6/10 8:00:00,24.5,8,1
2016/6/10 9:00:00,25.0,8,1
2016/6/10 10:00:00,25.4,8,1
2016/6/10 11:00:00,26.1,8,1
2016/6/10 12:00:00,27.6,8,1
2016/6/10 13:00:00,27.2,8,1
2016/6/10 14:00:00,28.0,8,1
2016/6/10 15:00:00,27.4,8,1
2016/6/10 16:00:00,26.9,8,1
2016/6/10 17:00:00,25.6,8,1
2016/6/10 18:00:00,24.7,8,1
2016/6/10 19:00:00,23.8,8,1
2016/6/10 20:00:00,22.1,8,1
2016/6/10 21:00:00,21.6,8,1
2016/6/10 22:00:00,20.4,8,1
2016/6/10 23:00:00,21.3,8,1
2016/6/11 00:00:00,19.4,8,1
2016/6/11 1:00:00,19.0,8,1
2016/6/11 2:00:00,18.9,8,1
2016/6/11 3:00:00,18.5,8,1
2016/6/11 4:00:00,18.1,8,1
2016/6/11 5:00:00,18.3,8,1
2016/6/11 6:00:00,20.6,8,1
2016/6/11 7:00:00,23.4,8,1
2016/6/11 8:00:00,25.0,8,1
2016/6/11 9:00:00,25.3,8,1
2016/6/11 10:00:00,26.4,8,1
2016/6/11 11:00:00,27.4,8,1
2016/6/11 12:00:00,28.3,8,1
2016/6/11 13:00:00,28.6,8,1
2016/6/11 14:00:00,28.1,8,1
2016/6/11 15:00:00,27.7,8,1
2016/6/11 16:00:00,27.0,8,1
2016/6/11 17:00:00,25.8,8,1
2016/6/11 18:00:00,24.4,8,1
2016/6/11 19:00:00,23.3,8,1
2016/6/11 20:00:00,22.7,8,1
2016/6/11 21:00:00,22.3,8,1
2016/6/11 22:00:00,22.0,8,1
2016/6/11 23:00:00,21.8,8,1
2016/6/12 00:00:00,21.7,8,1
2016/6/12 1:00:00,21.6,8,1
2016/6/12 2:00:00,21.2,8,1
2016/6/12 3:00:00,20.9,8,1
2016/6/12 4:00:00,20.9,8,1
2016/6/12 5:00:00,20.8,8,1
2016/6/12 6:00:00,21.3,8,1
2016/6/12 7:00:00,24.0,8,1
2016/6/12 8:00:00,23.9,8,1
2016/6/12 9:00:00,24.4,8,1
2016/6/12 10:00:00,25.4,8,1
2016/6/12 11:00:00,26.1,8,1
2016/6/12 12:00:00,26.2,8,1
2016/6/12 13:00:00,27.7,8,1
2016/6/12 14:00:00,26.5,8,1
2016/6/12 15:00:00,26.4,8,1
2016/6/12 16:00:00,26.1,8,1
2016/6/12 17:00:00,25.5,8,1
2016/6/12 18:00:00,24.5,8,1
2016/6/12 19:00:00,23.9,8,1
2016/6/12 20:00:00,23.7,8,1
2016/6/12 21:00:00,23.5,8,1
2016/6/12 22:00:00,23.3,8,1
2016/6/12 23:00:00,23.0,8,1
2016/6/13 00:00:00,22.7,8,1
2016/6/13 1:00:00,21.8,8,1
2016/6/13 2:00:00,21.4,8,1
2016/6/13 3:00:00,21.2,8,1
2016/6/13 4:00:00,20.7,8,1
2016/6/13 5:00:00,20.5,8,1
2016/6/13 6:00:00,20.6,8,1
2016/6/13 7:00:00,20.5,8,1
2016/6/13 8:00:00,20.2,8,1
2016/6/13 9:00:00,19.8,8,1
2016/6/13 10:00:00,18.9,8,1
2016/6/13 11:00:00,19.4,8,1
2016/6/13 12:00:00,19.1,8,1
2016/6/13 13:00:00,19.3,8,1
2016/6/13 14:00:00,19.1,8,1
2016/6/13 15:00:00,19.4,8,1
2016/6/13 16:00:00,19.3,8,1
2016/6/13 17:00:00,19.3,8,1
2016/6/13 18:00:00,19.3,8,1
2016/6/13 19:00:00,19.4,8,1
2016/6/13 20:00:00,19.2,8,1
2016/6/13 21:00:00,19.4,8,1
2016/6/13 22:00:00,19.4,8,1
2016/6/13 23:00:00,18.6,8,1
2016/6/14 00:00:00,18.8,8,1
2016/6/14 1:00:00,19.4,8,1
2016/6/14 2:00:00,19.2,8,1
2016/6/14 3:00:00,18.8,8,1
2016/6/14 4:00:00,19.2,8,1
2016/6/14 5:00:00,19.4,8,1
2016/6/14 6:00:00,19.8,8,1
2016/6/14 7:00:00,21.6,8,1
2016/6/14 8:00:00,22.8,8,1
2016/6/14 9:00:00,24.6,8,1
2016/6/14 10:00:00,24.8,8,1
2016/6/14 11:00:00,24.1,8,1
2016/6/14 12:00:00,23.7,8,1
2016/6/14 13:00:00,25.0,8,1
2016/6/14 14:00:00,25.0,8,1
2016/6/14 15:00:00,24.0,8,1
2016/6/14 16:00:00,24.6,8,1
2016/6/14 17:00:00,24.6,8,1
2016/6/14 18:00:00,23.4,8,1
2016/6/14 19:00:00,22.9,8,1
2016/6/14 20:00:00,22.0,8,1
2016/6/14 21:00:00,21.7,8,1
2016/6/14 22:00:00,21.1,8,1
2016/6/14 23:00:00,20.7,8,1
2016/6/15 00:00:00,20.4,8,1
2016/6/15 1:00:00,20.3,8,1
2016/6/15 2:00:00,20.3,8,1
2016/6/15 3:00:00,20.1,8,1
2016/6/15 4:00:00,20.0,8,1
2016/6/15 5:00:00,20.1,8,1
2016/6/15 6:00:00,20.1,8,1
2016/6/15 7:00:00,20.2,8,1
2016/6/15 8:00:00,20.7,8,1
2016/6/15 9:00:00,20.5,8,1
2016/6/15 10:00:00,19.6,8,1
2016/6/15 11:00:00,20.2,8,1
2016/6/15 12:00:00,20.8,8,1
2016/6/15 13:00:00,20.8,8,1
2016/6/15 14:00:00,21.6,8,1
2016/6/15 15:00:00,21.7,8,1
2016/6/15 16:00:00,22.0,8,1
2016/6/15 17:00:00,22.0,8,1
2016/6/15 18:00:00,21.7,8,1
2016/6/15 19:00:00,20.9,8,1
2016/6/15 20:00:00,21.1,8,1
2016/6/15 21:00:00,21.1,8,1
2016/6/15 22:00:00,21.2,8,1
2016/6/15 23:00:00,21.2,8,1
2016/6/16 00:00:00,21.2,8,1
2016/6/16 1:00:00,21.4,8,1
2016/6/16 2:00:00,21.3,8,1
2016/6/16 3:00:00,21.3,8,1
2016/6/16 4:00:00,21.3,8,1
2016/6/16 5:00:00,21.2,8,1
2016/6/16 6:00:00,21.9,8,1
2016/6/16 7:00:00,22.2,8,1
2016/6/16 8:00:00,23.0,8,1
2016/6/16 9:00:00,22.8,8,1
2016/6/16 10:00:00,22.8,8,1
2016/6/16 11:00:00,23.4,8,1
2016/6/16 12:00:00,24.0,8,1
2016/6/16 13:00:00,23.6,8,1
2016/6/16 14:00:00,24.0,8,1
2016/6/16 15:00:00,23.5,8,1
2016/6/16 16:00:00,23.2,8,1
2016/6/16 17:00:00,23.2,8,1
2016/6/16 18:00:00,22.0,8,1
2016/6/16 19:00:00,21.5,8,1
2016/6/16 20:00:00,21.1,8,1
2016/6/16 21:00:00,20.9,8,1
2016/6/16 22:00:00,20.3,8,1
2016/6/16 23:00:00,20.1,8,1
2016/6/17 00:00:00,19.7,8,1
2016/6/17 1:00:00,19.6,8,1
2016/6/17 2:00:00,19.5,8,1
2016/6/17 3:00:00,19.6,8,1
2016/6/17 4:00:00,19.4,8,1
2016/6/17 5:00:00,19.7,8,1
2016/6/17 6:00:00,20.1,8,1
2016/6/17 7:00:00,21.7,8,1
2016/6/17 8:00:00,23.7,8,1
2016/6/17 9:00:00,26.0,8,1
2016/6/17 10:00:00,26.5,8,1
2016/6/17 11:00:00,28.0,8,1
2016/6/17 12:00:00,27.6,8,1
2016/6/17 13:00:00,27.9,8,1
2016/6/17 14:00:00,27.0,8,1
2016/6/17 15:00:00,28.9,8,1
2016/6/17 16:00:00,28.1,8,1
2016/6/17 17:00:00,27.7,8,1
2016/6/17 18:00:00,27.0,8,1
2016/6/17 19:00:00,25.7,8,1
2016/6/17 20:00:00,24.6,8,1
2016/6/17 21:00:00,23.6,8,1
2016/6/17 22:00:00,23.1,8,1
2016/6/17 23:00:00,22.6,8,1
2016/6/18 00:00:00,22.9,8,1
2016/6/18 1:00:00,22.0,8,1
2016/6/18 2:00:00,21.2,8,1
2016/6/18 3:00:00,23.1,8,1
2016/6/18 4:00:00,23.2,8,1
2016/6/18 5:00:00,23.0,8,1
2016/6/18 6:00:00,23.4,8,1
2016/6/18 7:00:00,24.6,8,1
2016/6/18 8:00:00,26.6,8,1
2016/6/18 9:00:00,28.2,8,1
2016/6/18 10:00:00,29.8,8,1
2016/6/18 11:00:00,30.4,8,1
2016/6/18 12:00:00,31.6,8,1
2016/6/18 13:00:00,32.3,8,1
2016/6/18 14:00:00,31.3,8,1
2016/6/18 15:00:00,30.9,8,1
2016/6/18 16:00:00,30.5,8,1
2016/6/18 17:00:00,29.4,8,1
2016/6/18 18:00:00,27.8,8,1
2016/6/18 19:00:00,26.6,8,1
2016/6/18 20:00:00,25.8,8,1
2016/6/18 21:00:00,24.8,8,1
2016/6/18 22:00:00,24.6,8,1
2016/6/18 23:00:00,24.5,8,1
2016/6/19 00:00:00,24.2,8,1
2016/6/19 1:00:00,23.9,8,1
2016/6/19 2:00:00,23.3,8,1
2016/6/19 3:00:00,23.3,8,1
2016/6/19 4:00:00,23.2,8,1
2016/6/19 5:00:00,22.9,8,1
2016/6/19 6:00:00,23.7,8,1
2016/6/19 7:00:00,25.2,8,1
2016/6/19 8:00:00,26.8,8,1
2016/6/19 9:00:00,27.7,8,1
2016/6/19 10:00:00,27.0,8,1
2016/6/19 11:00:00,26.9,8,1
2016/6/19 12:00:00,27.2,8,1
2016/6/19 13:00:00,26.2,8,1
2016/6/19 14:00:00,26.0,8,1
2016/6/19 15:00:00,25.7,8,1
2016/6/19 16:00:00,24.7,8,1
2016/6/19 17:00:00,24.0,8,1
2016/6/19 18:00:00,22.7,8,1
2016/6/19 19:00:00,22.6,8,1
2016/6/19 20:00:00,22.7,8,1
2016/6/19 21:00:00,22.8,8,1
2016/6/19 22:00:00,22.1,8,1
2016/6/19 23:00:00,21.4,8,1
2016/6/20 00:00:00,21.6,8,1
2016/6/20 1:00:00,21.4,8,1
2016/6/20 2:00:00,21.3,8,1
2016/6/20 3:00:00,20.7,8,1
2016/6/20 4:00:00,20.5,8,1
2016/6/20 5:00:00,20.6,8,1
2016/6/20 6:00:00,21.0,8,1
2016/6/20 7:00:00,21.8,8,1
2016/6/20 8:00:00,21.9,8,1
2016/6/20 9:00:00,23.7,8,1
2016/6/20 10:00:00,24.0,8,1
2016/6/20 11:00:00,25.6,8,1
2016/6/20 12:00:00,27.1,8,1
2016/6/20 13:00:00,27.2,8,1
2016/6/20 14:00:00,27.9,8,1
2016/6/20 15:00:00,28.1,8,1
2016/6/20 16:00:00,27.6,8,1
2016/6/20 17:00:00,27.1,8,1
2016/6/20 18:00:00,25.7,8,1
2016/6/20 19:00:00,24.9,8,1
2016/6/20 20:00:00,25.5,8,1
2016/6/20 21:00:00,25.6,8,1
2016/6/20 22:00:00,24.5,8,1
2016/6/20 23:00:00,25.1,8,1
2016/6/21 00:00:00,23.9,8,1
2016/6/21 1:00:00,24.0,8,1
2016/6/21 2:00:00,23.4,8,1
2016/6/21 3:00:00,22.8,8,1
2016/6/21 4:00:00,22.5,8,1
2016/6/21 5:00:00,22.9,8,1
2016/6/21 6:00:00,22.9,8,1
2016/6/21 7:00:00,22.9,8,1
2016/6/21 8:00:00,22.6,8,1
2016/6/21 9:00:00,21.7,8,1
2016/6/21 10:00:00,22.1,8,1
2016/6/21 11:00:00,22.1,8,1
2016/6/21 12:00:00,22.4,8,1
2016/6/21 13:00:00,22.3,8,1
2016/6/21 14:00:00,21.8,8,1
2016/6/21 15:00:00,24.1,8,1
2016/6/21 16:00:00,25.6,8,1
2016/6/21 17:00:00,23.7,8,1
2016/6/21 18:00:00,23.7,8,1
2016/6/21 19:00:00,22.4,8,1
2016/6/21 20:00:00,21.9,8,1
2016/6/21 21:00:00,21.4,8,1
2016/6/21 22:00:00,22.1,8,1
2016/6/21 23:00:00,22.1,8,1
2016/6/22 00:00:00,21.3,8,1
2016/6/22 1:00:00,21.9,8,1
2016/6/22 2:00:00,22.0,8,1
2016/6/22 3:00:00,21.9,8,1
2016/6/22 4:00:00,21.8,8,1
2016/6/22 5:00:00,21.8,8,1
2016/6/22 6:00:00,22.5,8,1
2016/6/22 7:00:00,22.1,8,1
2016/6/22 8:00:00,22.4,8,1
2016/6/22 9:00:00,22.3,8,1
2016/6/22 10:00:00,21.9,8,1
2016/6/22 11:00:00,22.8,8,1
2016/6/22 12:00:00,23.2,8,1
2016/6/22 13:00:00,23.2,8,1
2016/6/22 14:00:00,23.3,8,1
2016/6/22 15:00:00,23.4,8,1
2016/6/22 16:00:00,23.7,8,1
2016/6/22 17:00:00,23.3,8,1
2016/6/22 18:00:00,23.7,8,1
2016/6/22 19:00:00,23.4,8,1
2016/6/22 20:00:00,23.3,8,1
2016/6/22 21:00:00,23.4,8,1
2016/6/22 22:00:00,22.4,8,1
2016/6/22 23:00:00,22.2,8,1
2016/6/23 00:00:00,22.0,8,1
2016/6/23 1:00:00,22.0,8,1
2016/6/23 2:00:00,22.1,8,1
2016/6/23 3:00:00,21.7,8,1
2016/6/23 4:00:00,21.7,8,1
2016/6/23 5:00:00,21.7,8,1
2016/6/23 6:00:00,22.0,8,1
2016/6/23 7:00:00,22.1,8,1
2016/6/23 8:00:00,22.3,8,1
2016/6/23 9:00:00,22.8,8,1
2016/6/23 10:00:00,22.6,8,1
2016/6/23 11:00:00,22.8,8,1
2016/6/23 12:00:00,23.3,8,1
2016/6/23 13:00:00,23.0,8,1
2016/6/23 14:00:00,23.0,8,1
2016/6/23 15:00:00,24.9,8,1
2016/6/23 16:00:00,25.6,8,1
2016/6/23 17:00:00,26.0,8,1
2016/6/23 18:00:00,26.4,8,1
2016/6/23 19:00:00,24.6,8,1
2016/6/23 20:00:00,23.5,8,1
2016/6/23 21:00:00,22.6,8,1
2016/6/23 22:00:00,22.3,8,1
2016/6/23 23:00:00,22.0,8,1
2016/6/24 00:00:00,21.8,8,1
2016/6/24 1:00:00,21.4,8,1
2016/6/24 2:00:00,21.6,8,1
2016/6/24 3:00:00,21.4,8,1
2016/6/24 4:00:00,21.6,8,1
2016/6/24 5:00:00,21.8,8,1
2016/6/24 6:00:00,22.0,8,1
2016/6/24 7:00:00,22.3,8,1
2016/6/24 8:00:00,22.6,8,1
2016/6/24 9:00:00,22.9,8,1
2016/6/24 10:00:00,23.5,8,1
2016/6/24 11:00:00,24.5,8,1
2016/6/24 12:00:00,23.7,8,1
2016/6/24 13:00:00,24.1,8,1
2016/6/24 14:00:00,24.9,8,1
2016/6/24 15:00:00,24.2,8,1
2016/6/24 16:00:00,23.7,8,1
2016/6/24 17:00:00,23.0,8,1
2016/6/24 18:00:00,22.3,8,1
2016/6/24 19:00:00,21.7,8,1
2016/6/24 20:00:00,22.2,8,1
2016/6/24 21:00:00,21.9,8,1
2016/6/24 22:00:00,22.3,8,1
2016/6/24 23:00:00,22.1,8,1
2016/6/25 00:00:00,22.1,8,1
2016/6/25 1:00:00,22.3,8,1
2016/6/25 2:00:00,23.2,8,1
2016/6/25 3:00:00,23.9,8,1
2016/6/25 4:00:00,24.5,8,1
2016/6/25 5:00:00,25.1,8,1
2016/6/25 6:00:00,24.6,8,1
2016/6/25 7:00:00,22.6,8,1
2016/6/25 8:00:00,22.1,8,1
2016/6/25 9:00:00,23.0,8,1
2016/6/25 10:00:00,24.1,8,1
2016/6/25 11:00:00,25.0,8,1
2016/6/25 12:00:00,27.6,8,1
2016/6/25 13:00:00,28.0,8,1
2016/6/25 14:00:00,28.0,8,1
2016/6/25 15:00:00,28.4,8,1
2016/6/25 16:00:00,28.3,8,1
2016/6/25 17:00:00,27.2,8,1
2016/6/25 18:00:00,27.5,8,1
2016/6/25 19:00:00,26.4,8,1
2016/6/25 20:00:00,26.4,8,1
2016/6/25 21:00:00,25.7,8,1
2016/6/25 22:00:00,25.6,8,1
2016/6/25 23:00:00,25.6,8,1
2016/6/26 00:00:00,25.3,8,1
2016/6/26 1:00:00,25.9,8,1
2016/6/26 2:00:00,24.8,8,1
2016/6/26 3:00:00,23.7,8,1
2016/6/26 4:00:00,22.6,8,1
2016/6/26 5:00:00,22.5,8,1
2016/6/26 6:00:00,22.1,8,1
2016/6/26 7:00:00,24.4,8,1
2016/6/26 8:00:00,25.2,8,1
2016/6/26 9:00:00,26.9,8,1
2016/6/26 10:00:00,27.5,8,1
2016/6/26 11:00:00,27.4,8,1
2016/6/26 12:00:00,27.1,8,1
2016/6/26 13:00:00,28.4,8,1
2016/6/26 14:00:00,28.8,8,1
2016/6/26 15:00:00,29.3,8,1
2016/6/26 16:00:00,28.2,8,1
2016/6/26 17:00:00,28.2,8,1
2016/6/26 18:00:00,27.0,8,1
2016/6/26 19:00:00,25.2,8,1
2016/6/26 20:00:00,24.0,8,1
2016/6/26 21:00:00,22.5,8,1
2016/6/26 22:00:00,21.9,8,1
2016/6/26 23:00:00,23.5,8,1
2016/6/27 00:00:00,23.8,8,1
2016/6/27 1:00:00,22.9,8,1
2016/6/27 2:00:00,22.1,8,1
2016/6/27 3:00:00,21.8,8,1
2016/6/27 4:00:00,21.7,8,1
2016/6/27 5:00:00,22.0,8,1
2016/6/27 6:00:00,21.7,8,1
2016/6/27 7:00:00,23.8,8,1
2016/6/27 8:00:00,24.6,8,1
2016/6/27 9:00:00,25.4,8,1
2016/6/27 10:00:00,26.7,8,1
2016/6/27 11:00:00,26.7,8,1
2016/6/27 12:00:00,28.0,8,1
2016/6/27 13:00:00,27.1,8,1
2016/6/27 14:00:00,27.6,8,1
2016/6/27 15:00:00,27.3,8,1
2016/6/27 16:00:00,26.8,8,1
2016/6/27 17:00:00,25.6,8,1
2016/6/27 18:00:00,25.0,8,1
2016/6/27 19:00:00,24.5,8,1
2016/6/27 20:00:00,23.9,8,1
2016/6/27 21:00:00,23.1,8,1
2016/6/27 22:00:00,22.8,8,1
2016/6/27 23:00:00,22.3,8,1
2016/6/28 00:00:00,22.2,8,1
2016/6/28 1:00:00,22.7,8,1
2016/6/28 2:00:00,21.7,8,1
2016/6/28 3:00:00,19.9,8,1
2016/6/28 4:00:00,18.9,8,1
2016/6/28 5:00:00,17.4,8,1
2016/6/28 6:00:00,17.4,8,1
2016/6/28 7:00:00,17.4,8,1
2016/6/28 8:00:00,17.3,8,1
2016/6/28 9:00:00,17.5,8,1
2016/6/28 10:00:00,17.7,8,1
2016/6/28 11:00:00,18.3,8,1
2016/6/28 12:00:00,18.7,8,1
2016/6/28 13:00:00,19.0,8,1
2016/6/28 14:00:00,19.4,8,1
2016/6/28 15:00:00,19.6,8,1
2016/6/28 16:00:00,19.9,8,1
2016/6/28 17:00:00,19.4,8,1
2016/6/28 18:00:00,19.7,8,1
2016/6/28 19:00:00,19.7,8,1
2016/6/28 20:00:00,19.2,8,1
2016/6/28 21:00:00,19.4,8,1
2016/6/28 22:00:00,19.3,8,1
2016/6/28 23:00:00,19.9,8,1
2016/6/29 00:00:00,19.3,8,1
2016/6/29 1:00:00,19.8,8,1
2016/6/29 2:00:00,20.0,8,1
2016/6/29 3:00:00,20.1,8,1
2016/6/29 4:00:00,19.9,8,1
2016/6/29 5:00:00,20.3,8,1
2016/6/29 6:00:00,20.2,8,1
2016/6/29 7:00:00,20.6,8,1
2016/6/29 8:00:00,20.5,8,1
2016/6/29 9:00:00,21.0,8,1
2016/6/29 10:00:00,21.0,8,1
2016/6/29 11:00:00,21.9,8,1
2016/6/29 12:00:00,23.0,8,1
2016/6/29 13:00:00,23.6,8,1
2016/6/29 14:00:00,23.2,8,1
2016/6/29 15:00:00,22.9,8,1
2016/6/29 16:00:00,22.4,8,1
2016/6/29 17:00:00,21.7,8,1
2016/6/29 18:00:00,22.5,8,1
2016/6/29 19:00:00,22.9,8,1
2016/6/29 20:00:00,22.5,8,1
2016/6/29 21:00:00,21.8,8,1
2016/6/29 22:00:00,22.2,8,1
2016/6/29 23:00:00,21.2,8,1
2016/6/30 00:00:00,20.8,8,1
2016/6/30 1:00:00,20.7,8,1
2016/6/30 2:00:00,20.5,8,1
2016/6/30 3:00:00,20.3,8,1
2016/6/30 4:00:00,20.3,8,1
2016/6/30 5:00:00,20.6,8,1
2016/6/30 6:00:00,21.1,8,1
2016/6/30 7:00:00,21.3,8,1
2016/6/30 8:00:00,21.2,8,1
2016/6/30 9:00:00,21.2,8,1
2016/6/30 10:00:00,21.7,8,1
2016/6/30 11:00:00,21.6,8,1
2016/6/30 12:00:00,24.4,8,1
2016/6/30 13:00:00,26.0,8,1
2016/6/30 14:00:00,27.1,8,1
2016/6/30 15:00:00,26.4,8,1
2016/6/30 16:00:00,25.7,8,1
2016/6/30 17:00:00,26.0,8,1
2016/6/30 18:00:00,24.9,8,1
2016/6/30 19:00:00,23.7,8,1
2016/6/30 20:00:00,23.2,8,1
2016/6/30 21:00:00,24.8,8,1
2016/6/30 22:00:00,23.8,8,1
2016/6/30 23:00:00,23.5,8,1
2016/7/1 00:00:00,22.8,8,1
2016/7/1 1:00:00,22.6,8,1
2016/7/1 2:00:00,22.3,8,1
2016/7/1 3:00:00,22.3,8,1
2016/7/1 4:00:00,22.7,8,1
2016/7/1 5:00:00,22.7,8,1
2016/7/1 6:00:00,23.2,8,1
2016/7/1 7:00:00,24.2,8,1
2016/7/1 8:00:00,24.8,8,1
2016/7/1 9:00:00,25.6,8,1
2016/7/1 10:00:00,26.1,8,1
2016/7/1 11:00:00,27.2,8,1
2016/7/1 12:00:00,28.6,8,1
2016/7/1 13:00:00,29.6,8,1
2016/7/1 14:00:00,29.4,8,1
2016/7/1 15:00:00,29.8,8,1
2016/7/1 16:00:00,29.3,8,1
2016/7/1 17:00:00,27.8,8,1
2016/7/1 18:00:00,27.0,8,1
2016/7/1 19:00:00,26.5,8,1
2016/7/1 20:00:00,25.5,8,1
2016/7/1 21:00:00,24.7,8,1
2016/7/1 22:00:00,24.5,8,1
2016/7/1 23:00:00,23.9,8,1
2016/7/2 00:00:00,23.9,8,1
2016/7/2 1:00:00,23.5,8,1
2016/7/2 2:00:00,23.8,8,1
2016/7/2 3:00:00,23.7,8,1
2016/7/2 4:00:00,23.6,8,1
2016/7/2 5:00:00,23.6,8,1
2016/7/2 6:00:00,23.8,8,1
2016/7/2 7:00:00,23.9,8,1
2016/7/2 8:00:00,24.8,8,1
2016/7/2 9:00:00,25.5,8,1
2016/7/2 10:00:00,26.9,8,1
2016/7/2 11:00:00,27.3,8,1
2016/7/2 12:00:00,28.3,8,1
2016/7/2 13:00:00,29.3,8,1
2016/7/2 14:00:00,29.6,8,1
2016/7/2 15:00:00,30.7,8,1
2016/7/2 16:00:00,31.6,8,1
2016/7/2 17:00:00,30.5,8,1
2016/7/2 18:00:00,30.2,8,1
2016/7/2 19:00:00,29.2,8,1
2016/7/2 20:00:00,28.4,8,1
2016/7/2 21:00:00,28.6,8,1
2016/7/2 22:00:00,27.8,8,1
2016/7/2 23:00:00,26.8,8,1
2016/7/3 00:00:00,26.0,8,1
2016/7/3 1:00:00,25.9,8,1
2016/7/3 2:00:00,26.6,8,1
2016/7/3 3:00:00,24.8,8,1
2016/7/3 4:00:00,25.3,8,1
2016/7/3 5:00:00,25.9,8,1
2016/7/3 6:00:00,27.0,8,1
2016/7/3 7:00:00,27.5,8,1
2016/7/3 8:00:00,28.5,8,1
2016/7/3 9:00:00,30.9,8,1
2016/7/3 10:00:00,31.3,8,1
2016/7/3 11:00:00,30.5,8,1
2016/7/3 12:00:00,33.7,8,1
2016/7/3 13:00:00,34.2,8,1
2016/7/3 14:00:00,34.8,8,1
2016/7/3 15:00:00,32.1,8,1
2016/7/3 16:00:00,33.6,8,1
2016/7/3 17:00:00,33.4,8,1
2016/7/3 18:00:00,31.3,8,1
2016/7/3 19:00:00,29.8,8,1
2016/7/3 20:00:00,27.9,8,1
2016/7/3 21:00:00,27.4,8,1
2016/7/3 22:00:00,27.0,8,1
2016/7/3 23:00:00,26.2,8,1
2016/7/4 00:00:00,25.5,8,1
2016/7/4 1:00:00,25.3,8,1
2016/7/4 2:00:00,26.1,8,1
2016/7/4 3:00:00,26.1,8,1
2016/7/4 4:00:00,26.5,8,1
2016/7/4 5:00:00,25.8,8,1
2016/7/4 6:00:00,26.6,8,1
2016/7/4 7:00:00,27.6,8,1
2016/7/4 8:00:00,29.1,8,1
2016/7/4 9:00:00,29.8,8,1
2016/7/4 10:00:00,30.6,8,1
2016/7/4 11:00:00,30.6,8,1
2016/7/4 12:00:00,31.3,8,1
2016/7/4 13:00:00,32.8,8,1
2016/7/4 14:00:00,32.7,8,1
2016/7/4 15:00:00,33.2,8,1
2016/7/4 16:00:00,32.0,8,1
2016/7/4 17:00:00,25.9,8,1
2016/7/4 18:00:00,26.1,8,1
2016/7/4 19:00:00,25.0,8,1
2016/7/4 20:00:00,24.5,8,1
2016/7/4 21:00:00,24.5,8,1
2016/7/4 22:00:00,24.1,8,1
2016/7/4 23:00:00,26.0,8,1
2016/7/5 00:00:00,25.1,8,1
2016/7/5 1:00:00,24.7,8,1
2016/7/5 2:00:00,25.0,8,1
2016/7/5 3:00:00,23.7,8,1
2016/7/5 4:00:00,22.5,8,1
2016/7/5 5:00:00,22.3,8,1
2016/7/5 6:00:00,21.9,8,1
2016/7/5 7:00:00,21.7,8,1
2016/7/5 8:00:00,21.7,8,1
2016/7/5 9:00:00,21.7,8,1
2016/7/5 10:00:00,22.2,8,1
2016/7/5 11:00:00,21.9,8,1
2016/7/5 12:00:00,21.3,8,1
2016/7/5 13:00:00,21.2,8,1
2016/7/5 14:00:00,20.7,8,1
2016/7/5 15:00:00,20.7,8,1
2016/7/5 16:00:00,21.1,8,1
2016/7/5 17:00:00,20.9,8,1
2016/7/5 18:00:00,21.1,8,1
2016/7/5 19:00:00,21.1,8,1
2016/7/5 20:00:00,20.9,8,1
2016/7/5 21:00:00,21.0,8,1
2016/7/5 22:00:00,20.8,8,1
2016/7/5 23:00:00,20.9,8,1
2016/7/6 00:00:00,20.8,8,1
2016/7/6 1:00:00,20.6,8,1
2016/7/6 2:00:00,20.8,8,1
2016/7/6 3:00:00,20.5,8,1
2016/7/6 4:00:00,20.7,8,1
2016/7/6 5:00:00,20.6,8,1
2016/7/6 6:00:00,21.3,8,1
2016/7/6 7:00:00,21.6,8,1
2016/7/6 8:00:00,22.2,8,1
2016/7/6 9:00:00,22.4,8,1
2016/7/6 10:00:00,22.8,8,1
2016/7/6 11:00:00,23.4,8,1
2016/7/6 12:00:00,24.0,8,1
2016/7/6 13:00:00,24.6,8,1
2016/7/6 14:00:00,25.9,8,1
2016/7/6 15:00:00,26.2,8,1
2016/7/6 16:00:00,25.9,8,1
2016/7/6 17:00:00,25.6,8,1
2016/7/6 18:00:00,25.2,8,1
2016/7/6 19:00:00,24.3,8,1
2016/7/6 20:00:00,23.3,8,1
2016/7/6 21:00:00,23.3,8,1
2016/7/6 22:00:00,22.8,8,1
2016/7/6 23:00:00,22.6,8,1
2016/7/7 00:00:00,23.5,8,1
2016/7/7 1:00:00,22.6,8,1
2016/7/7 2:00:00,22.5,8,1
2016/7/7 3:00:00,22.4,8,1
2016/7/7 4:00:00,22.1,8,1
2016/7/7 5:00:00,22.1,8,1
2016/7/7 6:00:00,24.1,8,1
2016/7/7 7:00:00,27.2,8,1
2016/7/7 8:00:00,28.7,8,1
2016/7/7 9:00:00,31.7,8,1
2016/7/7 10:00:00,34.0,8,1
2016/7/7 11:00:00,35.6,8,1
2016/7/7 12:00:00,35.9,8,1
2016/7/7 13:00:00,34.8,8,1
2016/7/7 14:00:00,33.1,8,1
2016/7/7 15:00:00,32.6,8,1
2016/7/7 16:00:00,30.3,8,1
2016/7/7 17:00:00,28.7,8,1
2016/7/7 18:00:00,27.7,8,1
2016/7/7 19:00:00,25.8,8,1
2016/7/7 20:00:00,24.3,8,1
2016/7/7 21:00:00,23.4,8,1
2016/7/7 22:00:00,23.0,8,1
2016/7/7 23:00:00,23.0,8,1
2016/7/8 00:00:00,22.9,8,1
2016/7/8 1:00:00,22.8,8,1
2016/7/8 2:00:00,22.5,8,1
2016/7/8 3:00:00,22.3,8,1
2016/7/8 4:00:00,22.2,8,1
2016/7/8 5:00:00,22.4,8,1
2016/7/8 6:00:00,22.5,8,1
2016/7/8 7:00:00,23.1,8,1
2016/7/8 8:00:00,23.8,8,1
2016/7/8 9:00:00,25.2,8,1
2016/7/8 10:00:00,26.3,8,1
2016/7/8 11:00:00,26.9,8,1
2016/7/8 12:00:00,28.2,8,1
2016/7/8 13:00:00,28.5,8,1
2016/7/8 14:00:00,28.2,8,1
2016/7/8 15:00:00,28.0,8,1
2016/7/8 16:00:00,27.8,8,1
2016/7/8 17:00:00,27.3,8,1
2016/7/8 18:00:00,26.8,8,1
2016/7/8 19:00:00,26.5,8,1
2016/7/8 20:00:00,26.1,8,1
2016/7/8 21:00:00,25.9,8,1
2016/7/8 22:00:00,25.2,8,1
2016/7/8 23:00:00,25.0,8,1
2016/7/9 00:00:00,24.6,8,1
2016/7/9 1:00:00,24.7,8,1
2016/7/9 2:00:00,24.2,8,1
2016/7/9 3:00:00,24.4,8,1
2016/7/9 4:00:00,24.7,8,1
2016/7/9 5:00:00,23.8,8,1
2016/7/9 6:00:00,22.8,8,1
2016/7/9 7:00:00,22.8,8,1
2016/7/9 8:00:00,22.6,8,1
2016/7/9 9:00:00,22.3,8,1
2016/7/9 10:00:00,21.6,8,1
2016/7/9 11:00:00,20.5,8,1
2016/7/9 12:00:00,20.8,8,1
2016/7/9 13:00:00,21.0,8,1
2016/7/9 14:00:00,21.9,8,1
2016/7/9 15:00:00,22.1,8,1
2016/7/9 16:00:00,22.7,8,1
2016/7/9 17:00:00,23.3,8,1
2016/7/9 18:00:00,22.7,8,1
2016/7/9 19:00:00,22.7,8,1
2016/7/9 20:00:00,22.2,8,1
2016/7/9 21:00:00,22.1,8,1
2016/7/9 22:00:00,21.2,8,1
2016/7/9 23:00:00,20.5,8,1
2016/7/10 00:00:00,20.4,8,1
2016/7/10 1:00:00,20.2,8,1
2016/7/10 2:00:00,20.3,8,1
2016/7/10 3:00:00,20.3,8,1
2016/7/10 4:00:00,20.4,8,1
2016/7/10 5:00:00,20.7,8,1
2016/7/10 6:00:00,22.1,8,1
2016/7/10 7:00:00,24.4,8,1
2016/7/10 8:00:00,25.9,8,1
2016/7/10 9:00:00,27.4,8,1
2016/7/10 10:00:00,28.4,8,1
2016/7/10 11:00:00,29.4,8,1
2016/7/10 12:00:00,29.9,8,1
2016/7/10 13:00:00,30.6,8,1
2016/7/10 14:00:00,29.8,8,1
2016/7/10 15:00:00,30.7,8,1
2016/7/10 16:00:00,29.3,8,1
2016/7/10 17:00:00,28.4,8,1
2016/7/10 18:00:00,27.9,8,1
2016/7/10 19:00:00,26.3,8,1
2016/7/10 20:00:00,25.7,8,1
2016/7/10 21:00:00,24.4,8,1
2016/7/10 22:00:00,24.1,8,1
2016/7/10 23:00:00,23.1,8,1
2016/7/11 00:00:00,23.6,8,1
2016/7/11 1:00:00,23.1,8,1
2016/7/11 2:00:00,22.7,8,1
2016/7/11 3:00:00,22.7,8,1
2016/7/11 4:00:00,22.7,8,1
2016/7/11 5:00:00,23.0,8,1
2016/7/11 6:00:00,24.8,8,1
2016/7/11 7:00:00,26.9,8,1
2016/7/11 8:00:00,28.9,8,1
2016/7/11 9:00:00,30.1,8,1
2016/7/11 10:00:00,31.1,8,1
2016/7/11 11:00:00,32.1,8,1
2016/7/11 12:00:00,32.6,8,1
2016/7/11 13:00:00,32.8,8,1
2016/7/11 14:00:00,33.1,8,1
2016/7/11 15:00:00,32.3,8,1
2016/7/11 16:00:00,31.5,8,1
2016/7/11 17:00:00,30.2,8,1
2016/7/11 18:00:00,29.4,8,1
2016/7/11 19:00:00,28.2,8,1
2016/7/11 20:00:00,27.6,8,1
2016/7/11 21:00:00,27.1,8,1
2016/7/11 22:00:00,27.1,8,1
2016/7/11 23:00:00,25.1,8,1
2016/7/12 00:00:00,25.8,8,1
2016/7/12 1:00:00,25.3,8,1
2016/7/12 2:00:00,25.0,8,1
2016/7/12 3:00:00,25.2,8,1
2016/7/12 4:00:00,25.0,8,1
2016/7/12 5:00:00,24.9,8,1
2016/7/12 6:00:00,25.3,8,1
2016/7/12 7:00:00,25.3,8,1
2016/7/12 8:00:00,26.5,8,1
2016/7/12 9:00:00,26.9,8,1
2016/7/12 10:00:00,27.5,8,1
2016/7/12 11:00:00,28.8,8,1
2016/7/12 12:00:00,29.5,8,1
2016/7/12 13:00:00,30.0,8,1
2016/7/12 14:00:00,31.8,8,1
2016/7/12 15:00:00,30.1,8,1
2016/7/12 16:00:00,29.3,8,1
2016/7/12 17:00:00,28.1,8,1
2016/7/12 18:00:00,27.9,8,1
2016/7/12 19:00:00,27.6,8,1
2016/7/12 20:00:00,26.8,8,1
2016/7/12 21:00:00,26.4,8,1
2016/7/12 22:00:00,25.8,8,1
2016/7/12 23:00:00,25.4,8,1
2016/7/13 00:00:00,25.5,8,1
2016/7/13 1:00:00,24.7,8,1
2016/7/13 2:00:00,23.8,8,1
2016/7/13 3:00:00,24.0,8,1
2016/7/13 4:00:00,23.7,8,1
2016/7/13 5:00:00,23.6,8,1
2016/7/13 6:00:00,24.3,8,1
2016/7/13 7:00:00,25.0,8,1
2016/7/13 8:00:00,26.3,8,1
2016/7/13 9:00:00,25.7,8,1
2016/7/13 10:00:00,26.9,8,1
2016/7/13 11:00:00,26.9,8,1
2016/7/13 12:00:00,26.8,8,1
2016/7/13 13:00:00,26.1,8,1
2016/7/13 14:00:00,25.7,8,1
2016/7/13 15:00:00,25.4,8,1
2016/7/13 16:00:00,25.1,8,1
2016/7/13 17:00:00,25.0,8,1
2016/7/13 18:00:00,25.2,8,1
2016/7/13 19:00:00,24.7,8,1
2016/7/13 20:00:00,24.4,8,1
2016/7/13 21:00:00,24.5,8,1
2016/7/13 22:00:00,24.6,8,1
2016/7/13 23:00:00,24.5,8,1
2016/7/14 00:00:00,24.4,8,1
2016/7/14 1:00:00,24.5,8,1
2016/7/14 2:00:00,24.2,8,1
2016/7/14 3:00:00,24.2,8,1
2016/7/14 4:00:00,23.8,8,1
2016/7/14 5:00:00,25.0,8,1
2016/7/14 6:00:00,25.4,8,1
2016/7/14 7:00:00,26.1,8,1
2016/7/14 8:00:00,26.5,8,1
2016/7/14 9:00:00,27.4,8,1
2016/7/14 10:00:00,28.4,8,1
2016/7/14 11:00:00,31.0,8,1
2016/7/14 12:00:00,29.7,8,1
2016/7/14 13:00:00,32.5,8,1
2016/7/14 14:00:00,32.4,8,1
2016/7/14 15:00:00,30.3,8,1
2016/7/14 16:00:00,26.8,8,1
2016/7/14 17:00:00,25.1,8,1
2016/7/14 18:00:00,25.1,8,1
2016/7/14 19:00:00,22.7,8,1
2016/7/14 20:00:00,22.5,8,1
2016/7/14 21:00:00,22.1,8,1
2016/7/14 22:00:00,21.5,8,1
2016/7/14 23:00:00,21.7,8,1
2016/7/15 00:00:00,21.7,8,1
2016/7/15 1:00:00,21.1,8,1
2016/7/15 2:00:00,21.3,8,1
2016/7/15 3:00:00,21.2,8,1
2016/7/15 4:00:00,21.3,8,1
2016/7/15 5:00:00,21.8,8,1
2016/7/15 6:00:00,21.8,8,1
2016/7/15 7:00:00,23.1,8,1
2016/7/15 8:00:00,22.7,8,1
2016/7/15 9:00:00,23.0,8,1
2016/7/15 10:00:00,23.9,8,1
2016/7/15 11:00:00,23.3,8,1
2016/7/15 12:00:00,22.8,8,1
2016/7/15 13:00:00,22.6,8,1
2016/7/15 14:00:00,22.1,8,1
2016/7/15 15:00:00,22.5,8,1
2016/7/15 16:00:00,22.7,8,1
2016/7/15 17:00:00,22.2,8,1
2016/7/15 18:00:00,21.9,8,1
2016/7/15 19:00:00,21.7,8,1
2016/7/15 20:00:00,21.9,8,1
2016/7/15 21:00:00,22.1,8,1
2016/7/15 22:00:00,21.6,8,1
2016/7/15 23:00:00,21.9,8,1
2016/7/16 00:00:00,21.8,8,1
2016/7/16 1:00:00,21.8,8,1
2016/7/16 2:00:00,21.5,8,1
2016/7/16 3:00:00,21.3,8,1
2016/7/16 4:00:00,21.2,8,1
2016/7/16 5:00:00,20.2,8,1
2016/7/16 6:00:00,21.6,8,1
2016/7/16 7:00:00,22.1,8,1
2016/7/16 8:00:00,23.4,8,1
2016/7/16 9:00:00,23.7,8,1
2016/7/16 10:00:00,25.3,8,1
2016/7/16 11:00:00,25.7,8,1
2016/7/16 12:00:00,26.0,8,1
2016/7/16 13:00:00,26.6,8,1
2016/7/16 14:00:00,26.9,8,1
2016/7/16 15:00:00,26.6,8,1
2016/7/16 16:00:00,26.1,8,1
2016/7/16 17:00:00,25.8,8,1
2016/7/16 18:00:00,25.7,8,1
2016/7/16 19:00:00,25.3,8,1
2016/7/16 20:00:00,25.2,8,1
2016/7/16 21:00:00,24.5,8,1
2016/7/16 22:00:00,24.4,8,1
2016/7/16 23:00:00,24.2,8,1
2016/7/17 00:00:00,24.4,8,1
2016/7/17 1:00:00,24.1,8,1
2016/7/17 2:00:00,24.1,8,1
2016/7/17 3:00:00,24.2,8,1
2016/7/17 4:00:00,23.9,8,1
2016/7/17 5:00:00,24.0,8,1
2016/7/17 6:00:00,24.3,8,1
2016/7/17 7:00:00,25.1,8,1
2016/7/17 8:00:00,24.8,8,1
2016/7/17 9:00:00,24.8,8,1
2016/7/17 10:00:00,25.2,8,1
2016/7/17 11:00:00,26.3,8,1
2016/7/17 12:00:00,26.3,8,1
2016/7/17 13:00:00,27.7,8,1
2016/7/17 14:00:00,27.3,8,1
2016/7/17 15:00:00,27.5,8,1
2016/7/17 16:00:00,28.2,8,1
2016/7/17 17:00:00,28.0,8,1
2016/7/17 18:00:00,27.3,8,1
2016/7/17 19:00:00,25.8,8,1
2016/7/17 20:00:00,25.6,8,1
2016/7/17 21:00:00,26.2,8,1
2016/7/17 22:00:00,27.1,8,1
2016/7/17 23:00:00,27.1,8,1
2016/7/18 00:00:00,26.5,8,1
2016/7/18 1:00:00,25.9,8,1
2016/7/18 2:00:00,25.4,8,1
2016/7/18 3:00:00,25.7,8,1
2016/7/18 4:00:00,25.7,8,1
2016/7/18 5:00:00,25.1,8,1
2016/7/18 6:00:00,26.0,8,1
2016/7/18 7:00:00,27.2,8,1
2016/7/18 8:00:00,28.4,8,1
2016/7/18 9:00:00,30.6,8,1
2016/7/18 10:00:00,30.9,8,1
2016/7/18 11:00:00,30.8,8,1
2016/7/18 12:00:00,31.8,8,1
2016/7/18 13:00:00,32.3,8,1
2016/7/18 14:00:00,33.3,8,1
2016/7/18 15:00:00,33.1,8,1
2016/7/18 16:00:00,31.4,8,1
2016/7/18 17:00:00,31.0,8,1
2016/7/18 18:00:00,29.7,8,1
2016/7/18 19:00:00,29.1,8,1
2016/7/18 20:00:00,28.1,8,1
2016/7/18 21:00:00,27.0,8,1
2016/7/18 22:00:00,27.7,8,1
2016/7/18 23:00:00,26.9,8,1
2016/7/19 00:00:00,26.5,8,1
2016/7/19 1:00:00,26.1,8,1
2016/7/19 2:00:00,25.8,8,1
2016/7/19 3:00:00,25.6,8,1
2016/7/19 4:00:00,25.5,8,1
2016/7/19 5:00:00,25.2,8,1
2016/7/19 6:00:00,25.5,8,1
2016/7/19 7:00:00,27.1,8,1
2016/7/19 8:00:00,27.3,8,1
2016/7/19 9:00:00,29.1,8,1
2016/7/19 10:00:00,29.3,8,1
2016/7/19 11:00:00,28.9,8,1
2016/7/19 12:00:00,29.8,8,1
2016/7/19 13:00:00,30.4,8,1
2016/7/19 14:00:00,30.4,8,1
2016/7/19 15:00:00,31.4,8,1
2016/7/19 16:00:00,30.2,8,1
2016/7/19 17:00:00,29.7,8,1
2016/7/19 18:00:00,29.1,8,1
2016/7/19 19:00:00,24.9,8,1
2016/7/19 20:00:00,25.0,8,1
2016/7/19 21:00:00,24.2,8,1
2016/7/19 22:00:00,23.9,8,1
2016/7/19 23:00:00,24.7,8,1
2016/7/20 00:00:00,25.4,8,1
2016/7/20 1:00:00,25.6,8,1
2016/7/20 2:00:00,24.9,8,1
2016/7/20 3:00:00,24.9,8,1
2016/7/20 4:00:00,24.7,8,1
2016/7/20 5:00:00,24.3,8,1
2016/7/20 6:00:00,23.9,8,1
2016/7/20 7:00:00,24.4,8,1
2016/7/20 8:00:00,25.2,8,1
2016/7/20 9:00:00,26.2,8,1
2016/7/20 10:00:00,26.7,8,1
2016/7/20 11:00:00,28.8,8,1
2016/7/20 12:00:00,27.8,8,1
2016/7/20 13:00:00,29.4,8,1
2016/7/20 14:00:00,28.9,8,1
2016/7/20 15:00:00,28.9,8,1
2016/7/20 16:00:00,28.8,8,1
2016/7/20 17:00:00,28.1,8,1
2016/7/20 18:00:00,27.4,8,1
2016/7/20 19:00:00,26.9,8,1
2016/7/20 20:00:00,26.1,8,1
2016/7/20 21:00:00,25.6,8,1
2016/7/20 22:00:00,25.3,8,1
2016/7/20 23:00:00,25.1,8,1
2016/7/21 00:00:00,24.0,8,1
2016/7/21 1:00:00,23.9,8,1
2016/7/21 2:00:00,23.6,8,1
2016/7/21 3:00:00,22.7,8,1
2016/7/21 4:00:00,21.3,8,1
2016/7/21 5:00:00,21.2,8,1
2016/7/21 6:00:00,21.2,8,1
2016/7/21 7:00:00,21.6,8,1
2016/7/21 8:00:00,21.4,8,1
2016/7/21 9:00:00,21.3,8,1
2016/7/21 10:00:00,21.4,8,1
2016/7/21 11:00:00,21.7,8,1
2016/7/21 12:00:00,21.9,8,1
2016/7/21 13:00:00,21.7,8,1
2016/7/21 14:00:00,22.0,8,1
2016/7/21 15:00:00,21.9,8,1
2016/7/21 16:00:00,21.8,8,1
2016/7/21 17:00:00,21.9,8,1
2016/7/21 18:00:00,21.6,8,1
2016/7/21 19:00:00,21.8,8,1
2016/7/21 20:00:00,21.6,8,1
2016/7/21 21:00:00,21.5,8,1
2016/7/21 22:00:00,21.5,8,1
2016/7/21 23:00:00,21.6,8,1
2016/7/22 00:00:00,22.0,8,1
2016/7/22 1:00:00,21.8,8,1
2016/7/22 2:00:00,21.7,8,1
2016/7/22 3:00:00,21.4,8,1
2016/7/22 4:00:00,21.5,8,1
2016/7/22 5:00:00,21.2,8,1
2016/7/22 6:00:00,21.0,8,1
2016/7/22 7:00:00,21.2,8,1
2016/7/22 8:00:00,20.5,8,1
2016/7/22 9:00:00,20.9,8,1
2016/7/22 10:00:00,21.1,8,1
2016/7/22 11:00:00,20.4,8,1
2016/7/22 12:00:00,21.2,8,1
2016/7/22 13:00:00,21.2,8,1
2016/7/22 14:00:00,21.6,8,1
2016/7/22 15:00:00,22.1,8,1
2016/7/22 16:00:00,21.9,8,1
2016/7/22 17:00:00,21.9,8,1
2016/7/22 18:00:00,22.3,8,1
2016/7/22 19:00:00,22.1,8,1
2016/7/22 20:00:00,21.8,8,1
2016/7/22 21:00:00,21.9,8,1
2016/7/22 22:00:00,21.7,8,1
2016/7/22 23:00:00,21.4,8,1
2016/7/23 00:00:00,20.9,8,1
2016/7/23 1:00:00,20.8,8,1
2016/7/23 2:00:00,20.8,8,1
2016/7/23 3:00:00,20.4,8,1
2016/7/23 4:00:00,20.2,8,1
2016/7/23 5:00:00,20.2,8,1
2016/7/23 6:00:00,20.3,8,1
2016/7/23 7:00:00,21.0,8,1
2016/7/23 8:00:00,21.4,8,1
2016/7/23 9:00:00,22.1,8,1
2016/7/23 10:00:00,22.9,8,1
2016/7/23 11:00:00,24.1,8,1
2016/7/23 12:00:00,25.1,8,1
2016/7/23 13:00:00,24.7,8,1
2016/7/23 14:00:00,24.4,8,1
2016/7/23 15:00:00,24.5,8,1
2016/7/23 16:00:00,24.3,8,1
2016/7/23 17:00:00,24.5,8,1
2016/7/23 18:00:00,24.0,8,1
2016/7/23 19:00:00,22.6,8,1
2016/7/23 20:00:00,22.7,8,1
2016/7/23 21:00:00,22.0,8,1
2016/7/23 22:00:00,22.0,8,1
2016/7/23 23:00:00,21.5,8,1
2016/7/24 00:00:00,21.3,8,1
2016/7/24 1:00:00,21.1,8,1
2016/7/24 2:00:00,20.5,8,1
2016/7/24 3:00:00,19.4,8,1
2016/7/24 4:00:00,19.7,8,1
2016/7/24 5:00:00,19.8,8,1
2016/7/24 6:00:00,20.6,8,1
2016/7/24 7:00:00,21.9,8,1
2016/7/24 8:00:00,23.2,8,1
2016/7/24 9:00:00,24.3,8,1
2016/7/24 10:00:00,25.4,8,1
2016/7/24 11:00:00,26.4,8,1
2016/7/24 12:00:00,26.8,8,1
2016/7/24 13:00:00,26.8,8,1
2016/7/24 14:00:00,27.4,8,1
2016/7/24 15:00:00,28.2,8,1
2016/7/24 16:00:00,26.8,8,1
2016/7/24 17:00:00,26.9,8,1
2016/7/24 18:00:00,26.5,8,1
2016/7/24 19:00:00,24.8,8,1
2016/7/24 20:00:00,24.1,8,1
2016/7/24 21:00:00,23.5,8,1
2016/7/24 22:00:00,23.2,8,1
2016/7/24 23:00:00,23.1,8,1
2016/7/25 00:00:00,22.8,8,1
2016/7/25 1:00:00,22.4,8,1
2016/7/25 2:00:00,22.4,8,1
2016/7/25 3:00:00,22.1,8,1
2016/7/25 4:00:00,21.6,8,1
2016/7/25 5:00:00,21.4,8,1
2016/7/25 6:00:00,22.0,8,1
2016/7/25 7:00:00,22.6,8,1
2016/7/25 8:00:00,23.7,8,1
2016/7/25 9:00:00,24.5,8,1
2016/7/25 10:00:00,25.9,8,1
2016/7/25 11:00:00,25.8,8,1
2016/7/25 12:00:00,26.8,8,1
2016/7/25 13:00:00,27.6,8,1
2016/7/25 14:00:00,27.0,8,1
2016/7/25 15:00:00,27.4,8,1
2016/7/25 16:00:00,26.5,8,1
2016/7/25 17:00:00,25.7,8,1
2016/7/25 18:00:00,26.2,8,1
2016/7/25 19:00:00,25.3,8,1
2016/7/25 20:00:00,25.4,8,1
2016/7/25 21:00:00,25.5,8,1
2016/7/25 22:00:00,25.2,8,1
2016/7/25 23:00:00,24.9,8,1
2016/7/26 00:00:00,24.4,8,1
2016/7/26 1:00:00,24.1,8,1
2016/7/26 2:00:00,23.6,8,1
2016/7/26 3:00:00,23.4,8,1
2016/7/26 4:00:00,23.2,8,1
2016/7/26 5:00:00,23.1,8,1
2016/7/26 6:00:00,23.8,8,1
2016/7/26 7:00:00,24.0,8,1
2016/7/26 8:00:00,23.9,8,1
2016/7/26 9:00:00,24.0,8,1
2016/7/26 10:00:00,24.6,8,1
2016/7/26 11:00:00,25.5,8,1
2016/7/26 12:00:00,26.6,8,1
2016/7/26 13:00:00,25.9,8,1
2016/7/26 14:00:00,25.3,8,1
2016/7/26 15:00:00,24.7,8,1
2016/7/26 16:00:00,24.5,8,1
2016/7/26 17:00:00,24.3,8,1
2016/7/26 18:00:00,23.1,8,1
2016/7/26 19:00:00,23.0,8,1
2016/7/26 20:00:00,22.1,8,1
2016/7/26 21:00:00,21.7,8,1
2016/7/26 22:00:00,22.6,8,1
2016/7/26 23:00:00,22.5,8,1
2016/7/27 00:00:00,22.5,8,1
2016/7/27 1:00:00,22.9,8,1
2016/7/27 2:00:00,23.2,8,1
2016/7/27 3:00:00,23.4,8,1
2016/7/27 4:00:00,23.4,8,1
2016/7/27 5:00:00,23.1,8,1
2016/7/27 6:00:00,23.4,8,1
2016/7/27 7:00:00,23.5,8,1
2016/7/27 8:00:00,23.5,8,1
2016/7/27 9:00:00,24.7,8,1
2016/7/27 10:00:00,25.2,8,1
2016/7/27 11:00:00,26.2,8,1
2016/7/27 12:00:00,26.5,8,1
2016/7/27 13:00:00,26.4,8,1
2016/7/27 14:00:00,25.6,8,1
2016/7/27 15:00:00,25.4,8,1
2016/7/27 16:00:00,25.1,8,1
2016/7/27 17:00:00,25.3,8,1
2016/7/27 18:00:00,24.9,8,1
2016/7/27 19:00:00,24.6,8,1
2016/7/27 20:00:00,24.3,8,1
2016/7/27 21:00:00,24.0,8,1
2016/7/27 22:00:00,23.9,8,1
2016/7/27 23:00:00,24.2,8,1
2016/7/28 00:00:00,24.1,8,1
2016/7/28 1:00:00,24.1,8,1
2016/7/28 2:00:00,23.9,8,1
2016/7/28 3:00:00,23.5,8,1
2016/7/28 4:00:00,23.6,8,1
2016/7/28 5:00:00,24.2,8,1
2016/7/28 6:00:00,24.3,8,1
2016/7/28 7:00:00,24.6,8,1
2016/7/28 8:00:00,26.3,8,1
2016/7/28 9:00:00,28.1,8,1
2016/7/28 10:00:00,28.3,8,1
2016/7/28 11:00:00,29.4,8,1
2016/7/28 12:00:00,28.3,8,1
2016/7/28 13:00:00,28.4,8,1
2016/7/28 14:00:00,30.3,8,1
2016/7/28 15:00:00,29.5,8,1
2016/7/28 16:00:00,28.4,8,1
2016/7/28 17:00:00,28.1,8,1
2016/7/28 18:00:00,28.2,8,1
2016/7/28 19:00:00,27.4,8,1
2016/7/28 20:00:00,26.9,8,1
2016/7/28 21:00:00,26.2,8,1
2016/7/28 22:00:00,25.3,8,1
2016/7/28 23:00:00,24.9,8,1
2016/7/29 00:00:00,24.4,8,1
2016/7/29 1:00:00,24.8,8,1
2016/7/29 2:00:00,24.3,8,1
2016/7/29 3:00:00,24.1,8,1
2016/7/29 4:00:00,23.3,8,1
2016/7/29 5:00:00,23.0,8,1
2016/7/29 6:00:00,24.5,8,1
2016/7/29 7:00:00,26.0,8,1
2016/7/29 8:00:00,26.4,8,1
2016/7/29 9:00:00,27.8,8,1
2016/7/29 10:00:00,30.0,8,1
2016/7/29 11:00:00,30.1,8,1
2016/7/29 12:00:00,31.1,8,1
2016/7/29 13:00:00,30.8,8,1
2016/7/29 14:00:00,31.7,8,1
2016/7/29 15:00:00,31.4,8,1
2016/7/29 16:00:00,30.6,8,1
2016/7/29 17:00:00,29.6,8,1
2016/7/29 18:00:00,28.6,8,1
2016/7/29 19:00:00,27.2,8,1
2016/7/29 20:00:00,26.4,8,1
2016/7/29 21:00:00,26.0,8,1
2016/7/29 22:00:00,25.2,8,1
2016/7/29 23:00:00,25.6,8,1
2016/7/30 00:00:00,24.5,8,1
2016/7/30 1:00:00,23.7,8,1
2016/7/30 2:00:00,23.3,8,1
2016/7/30 3:00:00,22.9,8,1
2016/7/30 4:00:00,22.5,8,1
2016/7/30 5:00:00,22.3,8,1
2016/7/30 6:00:00,23.5,8,1
2016/7/30 7:00:00,26.2,8,1
2016/7/30 8:00:00,25.5,8,1
2016/7/30 9:00:00,27.6,8,1
2016/7/30 10:00:00,29.2,8,1
2016/7/30 11:00:00,30.6,8,1
2016/7/30 12:00:00,31.9,8,1
2016/7/30 13:00:00,32.0,8,1
2016/7/30 14:00:00,31.8,8,1
2016/7/30 15:00:00,31.6,8,1
2016/7/30 16:00:00,31.7,8,1
2016/7/30 17:00:00,30.1,8,1
2016/7/30 18:00:00,28.9,8,1
2016/7/30 19:00:00,27.6,8,1
2016/7/30 20:00:00,27.0,8,1
2016/7/30 21:00:00,26.5,8,1
2016/7/30 22:00:00,26.1,8,1
2016/7/30 23:00:00,25.3,8,1
2016/7/31 00:00:00,25.2,8,1
2016/7/31 1:00:00,25.9,8,1
2016/7/31 2:00:00,25.6,8,1
2016/7/31 3:00:00,25.2,8,1
2016/7/31 4:00:00,25.1,8,1
2016/7/31 5:00:00,25.0,8,1
2016/7/31 6:00:00,25.2,8,1
2016/7/31 7:00:00,26.8,8,1
2016/7/31 8:00:00,28.5,8,1
2016/7/31 9:00:00,28.7,8,1
2016/7/31 10:00:00,29.5,8,1
2016/7/31 11:00:00,29.9,8,1
2016/7/31 12:00:00,28.9,8,1
2016/7/31 13:00:00,28.2,8,1
2016/7/31 14:00:00,29.7,8,1
2016/7/31 15:00:00,30.5,8,1
2016/7/31 16:00:00,29.3,8,1
2016/7/31 17:00:00,29.4,8,1
2016/7/31 18:00:00,28.5,8,1
2016/7/31 19:00:00,27.5,8,1
2016/7/31 20:00:00,26.9,8,1
2016/7/31 21:00:00,26.5,8,1
2016/7/31 22:00:00,26.5,8,1
2016/7/31 23:00:00,26.5,8,1
2016/8/1 00:00:00,26.3,8,1
2016/8/1 1:00:00,26.4,8,1
2016/8/1 2:00:00,26.0,8,1
2016/8/1 3:00:00,26.0,8,1
2016/8/1 4:00:00,24.7,8,1
2016/8/1 5:00:00,25.4,8,1
2016/8/1 6:00:00,25.9,8,1
2016/8/1 7:00:00,26.5,8,1
2016/8/1 8:00:00,27.4,8,1
2016/8/1 9:00:00,28.1,8,1
2016/8/1 10:00:00,29.1,8,1
2016/8/1 11:00:00,29.8,8,1
2016/8/1 12:00:00,29.8,8,1
2016/8/1 13:00:00,27.0,8,1
2016/8/1 14:00:00,29.1,8,1
2016/8/1 15:00:00,28.1,8,1
2016/8/1 16:00:00,29.4,8,1
2016/8/1 17:00:00,29.5,8,1
2016/8/1 18:00:00,28.8,8,1
2016/8/1 19:00:00,28.0,8,1
2016/8/1 20:00:00,27.3,8,1
2016/8/1 21:00:00,27.0,8,1
2016/8/1 22:00:00,26.2,8,1
2016/8/1 23:00:00,26.4,8,1
2016/8/2 00:00:00,26.4,8,1
2016/8/2 1:00:00,25.8,8,1
2016/8/2 2:00:00,25.9,8,1
2016/8/2 3:00:00,25.5,8,1
2016/8/2 4:00:00,25.7,8,1
2016/8/2 5:00:00,24.2,8,1
2016/8/2 6:00:00,22.8,8,1
2016/8/2 7:00:00,23.2,8,1
2016/8/2 8:00:00,24.9,8,1
2016/8/2 9:00:00,25.9,8,1
2016/8/2 10:00:00,26.2,8,1
2016/8/2 11:00:00,26.0,8,1
2016/8/2 12:00:00,25.3,8,1
2016/8/2 13:00:00,27.4,8,1
2016/8/2 14:00:00,27.4,8,1
2016/8/2 15:00:00,26.9,8,1
2016/8/2 16:00:00,27.7,8,1
2016/8/2 17:00:00,27.4,8,1
2016/8/2 18:00:00,27.2,8,1
2016/8/2 19:00:00,26.3,8,1
2016/8/2 20:00:00,26.9,8,1
2016/8/2 21:00:00,25.7,8,1
2016/8/2 22:00:00,25.9,8,1
2016/8/2 23:00:00,25.7,8,1
2016/8/3 00:00:00,25.3,8,1
2016/8/3 1:00:00,25.3,8,1
2016/8/3 2:00:00,25.3,8,1
2016/8/3 3:00:00,24.0,8,1
2016/8/3 4:00:00,23.6,8,1
2016/8/3 5:00:00,23.4,8,1
2016/8/3 6:00:00,24.0,8,1
2016/8/3 7:00:00,23.8,8,1
2016/8/3 8:00:00,25.6,8,1
2016/8/3 9:00:00,26.8,8,1
2016/8/3 10:00:00,26.7,8,1
2016/8/3 11:00:00,27.6,8,1
2016/8/3 12:00:00,29.6,8,1
2016/8/3 13:00:00,31.0,8,1
2016/8/3 14:00:00,30.8,8,1
2016/8/3 15:00:00,29.8,8,1
2016/8/3 16:00:00,29.2,8,1
2016/8/3 17:00:00,28.7,8,1
2016/8/3 18:00:00,28.0,8,1
2016/8/3 19:00:00,27.5,8,1
2016/8/3 20:00:00,27.3,8,1
2016/8/3 21:00:00,27.2,8,1
2016/8/3 22:00:00,26.8,8,1
2016/8/3 23:00:00,25.5,8,1
2016/8/4 00:00:00,25.1,8,1
2016/8/4 1:00:00,24.7,8,1
2016/8/4 2:00:00,24.9,8,1
2016/8/4 3:00:00,24.9,8,1
2016/8/4 4:00:00,24.7,8,1
2016/8/4 5:00:00,24.6,8,1
2016/8/4 6:00:00,25.1,8,1
2016/8/4 7:00:00,26.5,8,1
2016/8/4 8:00:00,26.8,8,1
2016/8/4 9:00:00,27.7,8,1
2016/8/4 10:00:00,28.9,8,1
2016/8/4 11:00:00,31.3,8,1
2016/8/4 12:00:00,31.9,8,1
2016/8/4 13:00:00,32.4,8,1
2016/8/4 14:00:00,32.6,8,1
2016/8/4 15:00:00,31.8,8,1
2016/8/4 16:00:00,31.4,8,1
2016/8/4 17:00:00,30.4,8,1
2016/8/4 18:00:00,29.2,8,1
2016/8/4 19:00:00,28.5,8,1
2016/8/4 20:00:00,28.0,8,1
2016/8/4 21:00:00,27.5,8,1
2016/8/4 22:00:00,27.3,8,1
2016/8/4 23:00:00,27.2,8,1
2016/8/5 00:00:00,26.9,8,1
2016/8/5 1:00:00,26.5,8,1
2016/8/5 2:00:00,26.5,8,1
2016/8/5 3:00:00,25.7,8,1
2016/8/5 4:00:00,24.8,8,1
2016/8/5 5:00:00,24.9,8,1
2016/8/5 6:00:00,25.6,8,1
2016/8/5 7:00:00,26.6,8,1
2016/8/5 8:00:00,28.8,8,1
2016/8/5 9:00:00,29.9,8,1
2016/8/5 10:00:00,31.1,8,1
2016/8/5 11:00:00,31.9,8,1
2016/8/5 12:00:00,31.3,8,1
2016/8/5 13:00:00,33.0,8,1
2016/8/5 14:00:00,33.1,8,1
2016/8/5 15:00:00,32.3,8,1
2016/8/5 16:00:00,31.9,8,1
2016/8/5 17:00:00,30.5,8,1
2016/8/5 18:00:00,29.4,8,1
2016/8/5 19:00:00,28.5,8,1
2016/8/5 20:00:00,28.2,8,1
2016/8/5 21:00:00,27.9,8,1
2016/8/5 22:00:00,27.3,8,1
2016/8/5 23:00:00,27.0,8,1
2016/8/6 00:00:00,26.7,8,1
2016/8/6 1:00:00,26.2,8,1
2016/8/6 2:00:00,26.3,8,1
2016/8/6 3:00:00,26.4,8,1
2016/8/6 4:00:00,26.3,8,1
2016/8/6 5:00:00,25.9,8,1
2016/8/6 6:00:00,26.2,8,1
2016/8/6 7:00:00,27.4,8,1
2016/8/6 8:00:00,28.1,8,1
2016/8/6 9:00:00,29.2,8,1
2016/8/6 10:00:00,30.3,8,1
2016/8/6 11:00:00,31.8,8,1
2016/8/6 12:00:00,32.7,8,1
2016/8/6 13:00:00,33.3,8,1
2016/8/6 14:00:00,33.5,8,1
2016/8/6 15:00:00,33.4,8,1
2016/8/6 16:00:00,32.7,8,1
2016/8/6 17:00:00,31.6,8,1
2016/8/6 18:00:00,30.1,8,1
2016/8/6 19:00:00,29.2,8,1
2016/8/6 20:00:00,28.9,8,1
2016/8/6 21:00:00,28.5,8,1
2016/8/6 22:00:00,27.6,8,1
2016/8/6 23:00:00,26.9,8,1
2016/8/7 00:00:00,26.5,8,1
2016/8/7 1:00:00,25.7,8,1
2016/8/7 2:00:00,25.1,8,1
2016/8/7 3:00:00,24.9,8,1
2016/8/7 4:00:00,24.7,8,1
2016/8/7 5:00:00,25.6,8,1
2016/8/7 6:00:00,26.6,8,1
2016/8/7 7:00:00,27.4,8,1
2016/8/7 8:00:00,28.7,8,1
2016/8/7 9:00:00,29.5,8,1
2016/8/7 10:00:00,31.3,8,1
2016/8/7 11:00:00,32.5,8,1
2016/8/7 12:00:00,32.7,8,1
2016/8/7 13:00:00,32.7,8,1
2016/8/7 14:00:00,32.9,8,1
2016/8/7 15:00:00,32.3,8,1
2016/8/7 16:00:00,31.5,8,1
2016/8/7 17:00:00,30.3,8,1
2016/8/7 18:00:00,29.3,8,1
2016/8/7 19:00:00,28.3,8,1
2016/8/7 20:00:00,27.6,8,1
2016/8/7 21:00:00,27.3,8,1
2016/8/7 22:00:00,27.1,8,1
2016/8/7 23:00:00,26.9,8,1
2016/8/8 00:00:00,26.6,8,1
2016/8/8 1:00:00,26.2,8,1
2016/8/8 2:00:00,26.2,8,1
2016/8/8 3:00:00,26.1,8,1
2016/8/8 4:00:00,25.8,8,1
2016/8/8 5:00:00,25.6,8,1
2016/8/8 6:00:00,25.6,8,1
2016/8/8 7:00:00,26.2,8,1
2016/8/8 8:00:00,26.8,8,1
2016/8/8 9:00:00,27.6,8,1
2016/8/8 10:00:00,28.9,8,1
2016/8/8 11:00:00,29.5,8,1
2016/8/8 12:00:00,30.2,8,1
2016/8/8 13:00:00,30.9,8,1
2016/8/8 14:00:00,31.8,8,1
2016/8/8 15:00:00,32.2,8,1
2016/8/8 16:00:00,32.6,8,1
2016/8/8 17:00:00,31.3,8,1
2016/8/8 18:00:00,30.5,8,1
2016/8/8 19:00:00,30.0,8,1
2016/8/8 20:00:00,29.1,8,1
2016/8/8 21:00:00,29.0,8,1
2016/8/8 22:00:00,28.4,8,1
2016/8/8 23:00:00,27.2,8,1
2016/8/9 00:00:00,26.0,8,1
2016/8/9 1:00:00,26.8,8,1
2016/8/9 2:00:00,27.9,8,1
2016/8/9 3:00:00,27.7,8,1
2016/8/9 4:00:00,28.1,8,1
2016/8/9 5:00:00,28.0,8,1
2016/8/9 6:00:00,27.1,8,1
2016/8/9 7:00:00,27.7,8,1
2016/8/9 8:00:00,29.9,8,1
2016/8/9 9:00:00,33.5,8,1
2016/8/9 10:00:00,35.6,8,1
2016/8/9 11:00:00,35.8,8,1
2016/8/9 12:00:00,36.5,8,1
2016/8/9 13:00:00,37.3,8,1
2016/8/9 14:00:00,37.1,8,1
2016/8/9 15:00:00,36.2,8,1
2016/8/9 16:00:00,34.7,8,1
2016/8/9 17:00:00,34.5,8,1
2016/8/9 18:00:00,34.0,8,1
2016/8/9 19:00:00,32.5,8,1
2016/8/9 20:00:00,32.6,8,1
2016/8/9 21:00:00,32.1,8,1
2016/8/9 22:00:00,31.3,8,1
2016/8/9 23:00:00,30.4,8,1
2016/8/10 00:00:00,29.0,8,1
2016/8/10 1:00:00,28.3,8,1
2016/8/10 2:00:00,28.8,8,1
2016/8/10 3:00:00,27.9,8,1
2016/8/10 4:00:00,27.4,8,1
2016/8/10 5:00:00,26.9,8,1
2016/8/10 6:00:00,27.0,8,1
2016/8/10 7:00:00,27.6,8,1
2016/8/10 8:00:00,29.1,8,1
2016/8/10 9:00:00,30.5,8,1
2016/8/10 10:00:00,31.4,8,1
2016/8/10 11:00:00,31.9,8,1
2016/8/10 12:00:00,32.7,8,1
2016/8/10 13:00:00,32.4,8,1
2016/8/10 14:00:00,31.7,8,1
2016/8/10 15:00:00,31.1,8,1
2016/8/10 16:00:00,30.7,8,1
2016/8/10 17:00:00,30.0,8,1
2016/8/10 18:00:00,29.3,8,1
2016/8/10 19:00:00,28.5,8,1
2016/8/10 20:00:00,27.6,8,1
2016/8/10 21:00:00,27.3,8,1
2016/8/10 22:00:00,27.2,8,1
2016/8/10 23:00:00,26.2,8,1
2016/8/11 00:00:00,26.0,8,1
2016/8/11 1:00:00,26.1,8,1
2016/8/11 2:00:00,25.8,8,1
2016/8/11 3:00:00,25.8,8,1
2016/8/11 4:00:00,25.8,8,1
2016/8/11 5:00:00,25.8,8,1
2016/8/11 6:00:00,25.6,8,1
2016/8/11 7:00:00,25.9,8,1
2016/8/11 8:00:00,26.2,8,1
2016/8/11 9:00:00,26.4,8,1
2016/8/11 10:00:00,28.6,8,1
2016/8/11 11:00:00,29.1,8,1
2016/8/11 12:00:00,29.8,8,1
2016/8/11 13:00:00,30.3,8,1
2016/8/11 14:00:00,30.3,8,1
2016/8/11 15:00:00,30.1,8,1
2016/8/11 16:00:00,29.5,8,1
2016/8/11 17:00:00,29.1,8,1
2016/8/11 18:00:00,28.2,8,1
2016/8/11 19:00:00,27.5,8,1
2016/8/11 20:00:00,26.3,8,1
2016/8/11 21:00:00,25.8,8,1
2016/8/11 22:00:00,25.7,8,1
2016/8/11 23:00:00,25.7,8,1
