DATE,TIME,実績(万kW)
2016/4/1,1:00,2426
2016/4/1,2:00,2386
2016/4/1,3:00,2368
2016/4/1,4:00,2382
2016/4/1,5:00,2459
2016/4/1,6:00,2623
2016/4/1,7:00,2767
2016/4/1,8:00,2956
2016/4/1,9:00,3149
2016/4/1,10:00,3201
2016/4/1,11:00,3255
2016/4/1,12:00,3150
2016/4/1,13:00,3278
2016/4/1,14:00,3351
2016/4/1,15:00,3352
2016/4/1,16:00,3395
2016/4/1,17:00,3428
2016/4/1,18:00,3490
2016/4/1,19:00,3370
2016/4/1,20:00,3232
2016/4/1,21:00,3075
2016/4/1,22:00,2964
2016/4/1,23:00,2802
2016/4/2,0:00,2605
2016/4/2,1:00,2484
2016/4/2,2:00,2424
2016/4/2,3:00,2396
2016/4/2,4:00,2383
2016/4/2,5:00,2424
2016/4/2,6:00,2535
2016/4/2,7:00,2725
2016/4/2,8:00,3010
2016/4/2,9:00,3215
2016/4/2,10:00,3248
2016/4/2,11:00,3229
2016/4/2,12:00,3157
2016/4/2,13:00,3102
2016/4/2,14:00,3040
2016/4/2,15:00,3033
2016/4/2,16:00,3089
2016/4/2,17:00,3206
2016/4/2,18:00,3318
2016/4/2,19:00,3266
2016/4/2,20:00,3163
2016/4/2,21:00,2998
2016/4/2,22:00,2847
2016/4/2,23:00,2666
2016/4/3,0:00,2447
2016/4/3,1:00,2318
2016/4/3,2:00,2272
2016/4/3,3:00,2258
2016/4/3,4:00,2246
2016/4/3,5:00,2269
2016/4/3,6:00,2323
2016/4/3,7:00,2485
2016/4/3,8:00,2691
2016/4/3,9:00,2824
2016/4/3,10:00,2826
2016/4/3,11:00,2824
2016/4/3,12:00,2811
2016/4/3,13:00,2729
2016/4/3,14:00,2686
2016/4/3,15:00,2676
2016/4/3,16:00,2746
2016/4/3,17:00,2911
2016/4/3,18:00,3122
2016/4/3,19:00,3104
2016/4/3,20:00,3011
2016/4/3,21:00,2852
2016/4/3,22:00,2682
2016/4/3,23:00,2486
2016/4/4,0:00,2297
2016/4/4,1:00,2199
2016/4/4,2:00,2172
2016/4/4,3:00,2182
2016/4/4,4:00,2209
2016/4/4,5:00,2313
2016/4/4,6:00,2520
2016/4/4,7:00,2826
2016/4/4,8:00,3158
2016/4/4,9:00,3407
2016/4/4,10:00,3469
2016/4/4,11:00,3411
2016/4/4,12:00,3190
2016/4/4,13:00,3313
2016/4/4,14:00,3312
2016/4/4,15:00,3302
2016/4/4,16:00,3339
2016/4/4,17:00,3336
2016/4/4,18:00,3425
2016/4/4,19:00,3327
2016/4/4,20:00,3203
2016/4/4,21:00,3058
2016/4/4,22:00,2973
2016/4/4,23:00,2788
2016/4/5,0:00,2543
2016/4/5,1:00,2420
2016/4/5,2:00,2385
2016/4/5,3:00,2373
2016/4/5,4:00,2407
2016/4/5,5:00,2517
2016/4/5,6:00,2758
2016/4/5,7:00,3046
2016/4/5,8:00,3389
2016/4/5,9:00,3667
2016/4/5,10:00,3736
2016/4/5,11:00,3716
2016/4/5,12:00,3522
2016/4/5,13:00,3659
2016/4/5,14:00,3629
2016/4/5,15:00,3577
2016/4/5,16:00,3568
2016/4/5,17:00,3568
2016/4/5,18:00,3653
2016/4/5,19:00,3548
2016/4/5,20:00,3404
2016/4/5,21:00,3224
2016/4/5,22:00,3126
2016/4/5,23:00,2904
2016/4/6,0:00,2626
2016/4/6,1:00,2488
2016/4/6,2:00,2443
2016/4/6,3:00,2433
2016/4/6,4:00,2470
2016/4/6,5:00,2585
2016/4/6,6:00,2778
2016/4/6,7:00,2946
2016/4/6,8:00,3133
2016/4/6,9:00,3291
2016/4/6,10:00,3294
2016/4/6,11:00,3266
2016/4/6,12:00,3097
2016/4/6,13:00,3206
2016/4/6,14:00,3272
2016/4/6,15:00,3248
2016/4/6,16:00,3260
2016/4/6,17:00,3252
2016/4/6,18:00,3381
2016/4/6,19:00,3309
2016/4/6,20:00,3196
2016/4/6,21:00,3045
2016/4/6,22:00,2939
2016/4/6,23:00,2738
2016/4/7,0:00,2505
2016/4/7,1:00,2379
2016/4/7,2:00,2342
2016/4/7,3:00,2337
2016/4/7,4:00,2359
2016/4/7,5:00,2454
2016/4/7,6:00,2686
2016/4/7,7:00,3001
2016/4/7,8:00,3352
2016/4/7,9:00,3645
2016/4/7,10:00,3753
2016/4/7,11:00,3776
2016/4/7,12:00,3618
2016/4/7,13:00,3728
2016/4/7,14:00,3705
2016/4/7,15:00,3645
2016/4/7,16:00,3643
2016/4/7,17:00,3594
2016/4/7,18:00,3625
2016/4/7,19:00,3487
2016/4/7,20:00,3324
2016/4/7,21:00,3152
2016/4/7,22:00,2999
2016/4/7,23:00,2781
2016/4/8,0:00,2550
2016/4/8,1:00,2433
2016/4/8,2:00,2396
2016/4/8,3:00,2382
2016/4/8,4:00,2411
2016/4/8,5:00,2480
2016/4/8,6:00,2644
2016/4/8,7:00,2819
2016/4/8,8:00,3061
2016/4/8,9:00,3259
2016/4/8,10:00,3330
2016/4/8,11:00,3290
2016/4/8,12:00,3143
2016/4/8,13:00,3309
2016/4/8,14:00,3298
2016/4/8,15:00,3264
2016/4/8,16:00,3263
2016/4/8,17:00,3245
2016/4/8,18:00,3327
2016/4/8,19:00,3230
2016/4/8,20:00,3109
2016/4/8,21:00,2973
2016/4/8,22:00,2874
2016/4/8,23:00,2701
2016/4/9,0:00,2476
2016/4/9,1:00,2362
2016/4/9,2:00,2329
2016/4/9,3:00,2321
2016/4/9,4:00,2320
2016/4/9,5:00,2327
2016/4/9,6:00,2354
2016/4/9,7:00,2465
2016/4/9,8:00,2629
2016/4/9,9:00,2757
2016/4/9,10:00,2796
2016/4/9,11:00,2813
2016/4/9,12:00,2768
2016/4/9,13:00,2842
2016/4/9,14:00,2829
2016/4/9,15:00,2806
2016/4/9,16:00,2807
2016/4/9,17:00,2868
2016/4/9,18:00,3043
2016/4/9,19:00,3010
2016/4/9,20:00,2918
2016/4/9,21:00,2755
2016/4/9,22:00,2658
2016/4/9,23:00,2508
2016/4/10,0:00,2340
2016/4/10,1:00,2241
2016/4/10,2:00,2224
2016/4/10,3:00,2226
2016/4/10,4:00,2224
2016/4/10,5:00,2210
2016/4/10,6:00,2208
2016/4/10,7:00,2292
2016/4/10,8:00,2401
2016/4/10,9:00,2533
2016/4/10,10:00,2593
2016/4/10,11:00,2600
2016/4/10,12:00,2652
2016/4/10,13:00,2636
2016/4/10,14:00,2617
2016/4/10,15:00,2621
2016/4/10,16:00,2664
2016/4/10,17:00,2797
2016/4/10,18:00,2995
2016/4/10,19:00,2974
2016/4/10,20:00,2880
2016/4/10,21:00,2741
2016/4/10,22:00,2584
2016/4/10,23:00,2418
2016/4/11,0:00,2231
2016/4/11,1:00,2144
2016/4/11,2:00,2142
2016/4/11,3:00,2165
2016/4/11,4:00,2208
2016/4/11,5:00,2317
2016/4/11,6:00,2538
2016/4/11,7:00,2814
2016/4/11,8:00,3107
2016/4/11,9:00,3329
2016/4/11,10:00,3356
2016/4/11,11:00,3323
2016/4/11,12:00,3183
2016/4/11,13:00,3303
2016/4/11,14:00,3322
2016/4/11,15:00,3328
2016/4/11,16:00,3391
2016/4/11,17:00,3463
2016/4/11,18:00,3623
2016/4/11,19:00,3545
2016/4/11,20:00,3427
2016/4/11,21:00,3294
2016/4/11,22:00,3211
2016/4/11,23:00,2990
2016/4/12,0:00,2694
2016/4/12,1:00,2558
2016/4/12,2:00,2519
2016/4/12,3:00,2518
2016/4/12,4:00,2559
2016/4/12,5:00,2678
2016/4/12,6:00,2940
2016/4/12,7:00,3085
2016/4/12,8:00,3276
2016/4/12,9:00,3436
2016/4/12,10:00,3461
2016/4/12,11:00,3436
2016/4/12,12:00,3247
2016/4/12,13:00,3370
2016/4/12,14:00,3371
2016/4/12,15:00,3354
2016/4/12,16:00,3401
2016/4/12,17:00,3450
2016/4/12,18:00,3606
2016/4/12,19:00,3532
2016/4/12,20:00,3393
2016/4/12,21:00,3231
2016/4/12,22:00,3097
2016/4/12,23:00,2852
2016/4/13,0:00,2598
2016/4/13,1:00,2463
2016/4/13,2:00,2432
2016/4/13,3:00,2431
2016/4/13,4:00,2448
2016/4/13,5:00,2552
2016/4/13,6:00,2799
2016/4/13,7:00,3053
2016/4/13,8:00,3329
2016/4/13,9:00,3566
2016/4/13,10:00,3577
2016/4/13,11:00,3541
2016/4/13,12:00,3339
2016/4/13,13:00,3463
2016/4/13,14:00,3375
2016/4/13,15:00,3337
2016/4/13,16:00,3388
2016/4/13,17:00,3432
2016/4/13,18:00,3507
2016/4/13,19:00,3391
2016/4/13,20:00,3246
2016/4/13,21:00,3111
2016/4/13,22:00,3016
2016/4/13,23:00,2800
2016/4/14,0:00,2566
2016/4/14,1:00,2441
2016/4/14,2:00,2422
2016/4/14,3:00,2427
2016/4/14,4:00,2444
2016/4/14,5:00,2530
2016/4/14,6:00,2724
2016/4/14,7:00,2969
2016/4/14,8:00,3268
2016/4/14,9:00,3483
2016/4/14,10:00,3543
2016/4/14,11:00,3531
2016/4/14,12:00,3346
2016/4/14,13:00,3463
2016/4/14,14:00,3418
2016/4/14,15:00,3340
2016/4/14,16:00,3368
2016/4/14,17:00,3366
2016/4/14,18:00,3452
2016/4/14,19:00,3362
2016/4/14,20:00,3208
2016/4/14,21:00,3055
2016/4/14,22:00,2941
2016/4/14,23:00,2751
2016/4/15,0:00,2554
2016/4/15,1:00,2430
2016/4/15,2:00,2396
2016/4/15,3:00,2409
2016/4/15,4:00,2438
2016/4/15,5:00,2508
2016/4/15,6:00,2682
2016/4/15,7:00,2854
2016/4/15,8:00,3043
2016/4/15,9:00,3238
2016/4/15,10:00,3264
2016/4/15,11:00,3258
2016/4/15,12:00,3069
2016/4/15,13:00,3212
2016/4/15,14:00,3214
2016/4/15,15:00,3220
2016/4/15,16:00,3267
2016/4/15,17:00,3252
2016/4/15,18:00,3356
2016/4/15,19:00,3293
2016/4/15,20:00,3163
2016/4/15,21:00,3041
2016/4/15,22:00,2947
2016/4/15,23:00,2742
2016/4/16,0:00,2516
2016/4/16,1:00,2406
2016/4/16,2:00,2369
2016/4/16,3:00,2360
2016/4/16,4:00,2364
2016/4/16,5:00,2370
2016/4/16,6:00,2442
2016/4/16,7:00,2559
2016/4/16,8:00,2746
2016/4/16,9:00,2859
2016/4/16,10:00,2902
2016/4/16,11:00,2887
2016/4/16,12:00,2822
2016/4/16,13:00,2847
2016/4/16,14:00,2831
2016/4/16,15:00,2810
2016/4/16,16:00,2836
2016/4/16,17:00,2888
2016/4/16,18:00,3071
2016/4/16,19:00,3059
2016/4/16,20:00,2962
2016/4/16,21:00,2805
2016/4/16,22:00,2687
2016/4/16,23:00,2529
2016/4/17,0:00,2334
2016/4/17,1:00,2234
2016/4/17,2:00,2212
2016/4/17,3:00,2195
2016/4/17,4:00,2182
2016/4/17,5:00,2174
2016/4/17,6:00,2200
2016/4/17,7:00,2318
2016/4/17,8:00,2518
2016/4/17,9:00,2680
2016/4/17,10:00,2734
2016/4/17,11:00,2769
2016/4/17,12:00,2772
2016/4/17,13:00,2757
2016/4/17,14:00,2693
2016/4/17,15:00,2720
2016/4/17,16:00,2768
2016/4/17,17:00,2866
2016/4/17,18:00,3066
2016/4/17,19:00,3068
2016/4/17,20:00,2950
2016/4/17,21:00,2785
2016/4/17,22:00,2614
2016/4/17,23:00,2444
2016/4/18,0:00,2273
2016/4/18,1:00,2178
2016/4/18,2:00,2171
2016/4/18,3:00,2191
2016/4/18,4:00,2230
2016/4/18,5:00,2295
2016/4/18,6:00,2483
2016/4/18,7:00,2668
2016/4/18,8:00,2933
2016/4/18,9:00,3154
2016/4/18,10:00,3236
2016/4/18,11:00,3278
2016/4/18,12:00,3135
2016/4/18,13:00,3346
2016/4/18,14:00,3336
2016/4/18,15:00,3293
2016/4/18,16:00,3331
2016/4/18,17:00,3348
2016/4/18,18:00,3402
2016/4/18,19:00,3264
2016/4/18,20:00,3094
2016/4/18,21:00,2942
2016/4/18,22:00,2875
2016/4/18,23:00,2677
2016/4/19,0:00,2435
2016/4/19,1:00,2323
2016/4/19,2:00,2304
2016/4/19,3:00,2316
2016/4/19,4:00,2353
2016/4/19,5:00,2413
2016/4/19,6:00,2589
2016/4/19,7:00,2768
2016/4/19,8:00,2994
2016/4/19,9:00,3182
2016/4/19,10:00,3238
2016/4/19,11:00,3263
2016/4/19,12:00,3101
2016/4/19,13:00,3260
2016/4/19,14:00,3256
2016/4/19,15:00,3219
2016/4/19,16:00,3277
2016/4/19,17:00,3269
2016/4/19,18:00,3340
2016/4/19,19:00,3225
2016/4/19,20:00,3073
2016/4/19,21:00,2946
2016/4/19,22:00,2856
2016/4/19,23:00,2670
2016/4/20,0:00,2462
2016/4/20,1:00,2342
2016/4/20,2:00,2322
2016/4/20,3:00,2343
2016/4/20,4:00,2390
2016/4/20,5:00,2457
2016/4/20,6:00,2638
2016/4/20,7:00,2802
2016/4/20,8:00,3012
2016/4/20,9:00,3205
2016/4/20,10:00,3248
2016/4/20,11:00,3255
2016/4/20,12:00,3094
2016/4/20,13:00,3235
2016/4/20,14:00,3260
2016/4/20,15:00,3237
2016/4/20,16:00,3257
2016/4/20,17:00,3226
2016/4/20,18:00,3338
2016/4/20,19:00,3283
2016/4/20,20:00,3131
2016/4/20,21:00,2996
2016/4/20,22:00,2909
2016/4/20,23:00,2717
2016/4/21,0:00,2509
2016/4/21,1:00,2386
2016/4/21,2:00,2373
2016/4/21,3:00,2391
2016/4/21,4:00,2428
2016/4/21,5:00,2492
2016/4/21,6:00,2674
2016/4/21,7:00,2885
2016/4/21,8:00,3126
2016/4/21,9:00,3254
2016/4/21,10:00,3342
2016/4/21,11:00,3376
2016/4/21,12:00,3214
2016/4/21,13:00,3402
2016/4/21,14:00,3424
2016/4/21,15:00,3402
2016/4/21,16:00,3418
2016/4/21,17:00,3430
2016/4/21,18:00,3473
2016/4/21,19:00,3346
2016/4/21,20:00,3183
2016/4/21,21:00,3042
2016/4/21,22:00,2937
2016/4/21,23:00,2737
2016/4/22,0:00,2520
2016/4/22,1:00,2393
2016/4/22,2:00,2382
2016/4/22,3:00,2400
2016/4/22,4:00,2427
2016/4/22,5:00,2486
2016/4/22,6:00,2654
2016/4/22,7:00,2844
2016/4/22,8:00,3074
2016/4/22,9:00,3298
2016/4/22,10:00,3366
2016/4/22,11:00,3353
2016/4/22,12:00,3179
2016/4/22,13:00,3387
2016/4/22,14:00,3424
2016/4/22,15:00,3376
2016/4/22,16:00,3350
2016/4/22,17:00,3300
2016/4/22,18:00,3361
2016/4/22,19:00,3247
2016/4/22,20:00,3095
2016/4/22,21:00,2955
2016/4/22,22:00,2866
2016/4/22,23:00,2693
2016/4/23,0:00,2496
2016/4/23,1:00,2371
2016/4/23,2:00,2337
2016/4/23,3:00,2333
2016/4/23,4:00,2330
2016/4/23,5:00,2341
2016/4/23,6:00,2385
2016/4/23,7:00,2515
2016/4/23,8:00,2708
2016/4/23,9:00,2903
2016/4/23,10:00,2966
2016/4/23,11:00,2963
2016/4/23,12:00,2909
2016/4/23,13:00,2951
2016/4/23,14:00,2950
2016/4/23,15:00,2925
2016/4/23,16:00,2939
2016/4/23,17:00,2987
2016/4/23,18:00,3136
2016/4/23,19:00,3086
2016/4/23,20:00,2973
2016/4/23,21:00,2801
2016/4/23,22:00,2655
2016/4/23,23:00,2488
2016/4/24,0:00,2306
2016/4/24,1:00,2209
2016/4/24,2:00,2190
2016/4/24,3:00,2187
2016/4/24,4:00,2165
2016/4/24,5:00,2170
2016/4/24,6:00,2185
2016/4/24,7:00,2335
2016/4/24,8:00,2560
2016/4/24,9:00,2722
2016/4/24,10:00,2771
2016/4/24,11:00,2746
2016/4/24,12:00,2689
2016/4/24,13:00,2669
2016/4/24,14:00,2670
2016/4/24,15:00,2667
2016/4/24,16:00,2723
2016/4/24,17:00,2849
2016/4/24,18:00,3039
2016/4/24,19:00,3019
2016/4/24,20:00,2917
2016/4/24,21:00,2762
2016/4/24,22:00,2580
2016/4/24,23:00,2402
2016/4/25,0:00,2245
2016/4/25,1:00,2157
2016/4/25,2:00,2156
2016/4/25,3:00,2186
2016/4/25,4:00,2241
2016/4/25,5:00,2318
2016/4/25,6:00,2506
2016/4/25,7:00,2714
2016/4/25,8:00,2953
2016/4/25,9:00,3143
2016/4/25,10:00,3195
2016/4/25,11:00,3235
2016/4/25,12:00,3150
2016/4/25,13:00,3332
2016/4/25,14:00,3355
2016/4/25,15:00,3314
2016/4/25,16:00,3325
2016/4/25,17:00,3285
2016/4/25,18:00,3365
2016/4/25,19:00,3262
2016/4/25,20:00,3109
2016/4/25,21:00,2967
2016/4/25,22:00,2892
2016/4/25,23:00,2720
2016/4/26,0:00,2528
2016/4/26,1:00,2411
2016/4/26,2:00,2399
2016/4/26,3:00,2419
2016/4/26,4:00,2455
2016/4/26,5:00,2496
2016/4/26,6:00,2651
2016/4/26,7:00,2851
2016/4/26,8:00,3084
2016/4/26,9:00,3324
2016/4/26,10:00,3398
2016/4/26,11:00,3440
2016/4/26,12:00,3282
2016/4/26,13:00,3430
2016/4/26,14:00,3456
2016/4/26,15:00,3434
2016/4/26,16:00,3435
2016/4/26,17:00,3358
2016/4/26,18:00,3416
2016/4/26,19:00,3340
2016/4/26,20:00,3168
2016/4/26,21:00,3025
2016/4/26,22:00,2917
2016/4/26,23:00,2742
2016/4/27,0:00,2522
2016/4/27,1:00,2402
2016/4/27,2:00,2380
2016/4/27,3:00,2404
2016/4/27,4:00,2440
2016/4/27,5:00,2464
2016/4/27,6:00,2627
2016/4/27,7:00,2855
2016/4/27,8:00,3106
2016/4/27,9:00,3357
2016/4/27,10:00,3398
2016/4/27,11:00,3426
2016/4/27,12:00,3260
2016/4/27,13:00,3400
2016/4/27,14:00,3387
2016/4/27,15:00,3376
2016/4/27,16:00,3387
2016/4/27,17:00,3361
2016/4/27,18:00,3397
2016/4/27,19:00,3297
2016/4/27,20:00,3128
2016/4/27,21:00,2979
2016/4/27,22:00,2864
2016/4/27,23:00,2680
2016/4/28,0:00,2503
2016/4/28,1:00,2389
2016/4/28,2:00,2369
2016/4/28,3:00,2398
2016/4/28,4:00,2426
2016/4/28,5:00,2507
2016/4/28,6:00,2710
2016/4/28,7:00,2939
2016/4/28,8:00,3189
2016/4/28,9:00,3427
2016/4/28,10:00,3477
2016/4/28,11:00,3481
2016/4/28,12:00,3299
2016/4/28,13:00,3429
2016/4/28,14:00,3415
2016/4/28,15:00,3369
2016/4/28,16:00,3368
2016/4/28,17:00,3323
2016/4/28,18:00,3356
2016/4/28,19:00,3238
2016/4/28,20:00,3075
2016/4/28,21:00,2920
2016/4/28,22:00,2844
2016/4/28,23:00,2663
2016/4/29,0:00,2476
2016/4/29,1:00,2357
2016/4/29,2:00,2327
2016/4/29,3:00,2334
2016/4/29,4:00,2333
2016/4/29,5:00,2305
2016/4/29,6:00,2336
2016/4/29,7:00,2458
2016/4/29,8:00,2623
2016/4/29,9:00,2776
2016/4/29,10:00,2850
2016/4/29,11:00,2851
2016/4/29,12:00,2790
2016/4/29,13:00,2786
2016/4/29,14:00,2796
2016/4/29,15:00,2793
2016/4/29,16:00,2810
2016/4/29,17:00,2828
2016/4/29,18:00,2999
2016/4/29,19:00,3041
2016/4/29,20:00,2947
2016/4/29,21:00,2796
2016/4/29,22:00,2653
2016/4/29,23:00,2487
2016/4/30,0:00,2305
2016/4/30,1:00,2198
2016/4/30,2:00,2182
2016/4/30,3:00,2188
2016/4/30,4:00,2207
2016/4/30,5:00,2209
2016/4/30,6:00,2276
2016/4/30,7:00,2394
2016/4/30,8:00,2579
2016/4/30,9:00,2731
2016/4/30,10:00,2765
2016/4/30,11:00,2753
2016/4/30,12:00,2723
2016/4/30,13:00,2746
2016/4/30,14:00,2753
2016/4/30,15:00,2734
2016/4/30,16:00,2745
2016/4/30,17:00,2766
2016/4/30,18:00,2923
2016/4/30,19:00,2955
2016/4/30,20:00,2841
2016/4/30,21:00,2694
2016/4/30,22:00,2543
2016/4/30,23:00,2385
2016/5/1,0:00,2222
2016/5/1,1:00,2113
2016/5/1,2:00,2102
2016/5/1,3:00,2114
2016/5/1,4:00,2116
2016/5/1,5:00,2087
2016/5/1,6:00,2115
2016/5/1,7:00,2169
2016/5/1,8:00,2312
2016/5/1,9:00,2432
2016/5/1,10:00,2461
2016/5/1,11:00,2542
2016/5/1,12:00,2550
2016/5/1,13:00,2539
2016/5/1,14:00,2578
2016/5/1,15:00,2589
2016/5/1,16:00,2601
2016/5/1,17:00,2684
2016/5/1,18:00,2861
2016/5/1,19:00,2863
2016/5/1,20:00,2748
2016/5/1,21:00,2598
2016/5/1,22:00,2433
2016/5/1,23:00,2271
2016/5/2,0:00,2119
2016/5/2,1:00,2038
2016/5/2,2:00,2041
2016/5/2,3:00,2070
2016/5/2,4:00,2103
2016/5/2,5:00,2142
2016/5/2,6:00,2285
2016/5/2,7:00,2468
2016/5/2,8:00,2688
2016/5/2,9:00,2830
2016/5/2,10:00,2900
2016/5/2,11:00,2956
2016/5/2,12:00,2931
2016/5/2,13:00,2978
2016/5/2,14:00,2987
2016/5/2,15:00,2953
2016/5/2,16:00,2973
2016/5/2,17:00,3008
2016/5/2,18:00,3099
2016/5/2,19:00,3054
2016/5/2,20:00,2885
2016/5/2,21:00,2710
2016/5/2,22:00,2618
2016/5/2,23:00,2442
2016/5/3,0:00,2229
2016/5/3,1:00,2124
2016/5/3,2:00,2112
2016/5/3,3:00,2122
2016/5/3,4:00,2129
2016/5/3,5:00,2097
2016/5/3,6:00,2136
2016/5/3,7:00,2215
2016/5/3,8:00,2382
2016/5/3,9:00,2520
2016/5/3,10:00,2550
2016/5/3,11:00,2586
2016/5/3,12:00,2603
2016/5/3,13:00,2642
2016/5/3,14:00,2625
2016/5/3,15:00,2578
2016/5/3,16:00,2603
2016/5/3,17:00,2692
2016/5/3,18:00,2853
2016/5/3,19:00,2835
2016/5/3,20:00,2734
2016/5/3,21:00,2600
2016/5/3,22:00,2491
2016/5/3,23:00,2341
2016/5/4,0:00,2152
2016/5/4,1:00,2061
2016/5/4,2:00,2046
2016/5/4,3:00,2065
2016/5/4,4:00,2077
2016/5/4,5:00,2101
2016/5/4,6:00,2144
2016/5/4,7:00,2230
2016/5/4,8:00,2323
2016/5/4,9:00,2464
2016/5/4,10:00,2524
2016/5/4,11:00,2629
2016/5/4,12:00,2649
2016/5/4,13:00,2660
2016/5/4,14:00,2645
2016/5/4,15:00,2629
2016/5/4,16:00,2673
2016/5/4,17:00,2711
2016/5/4,18:00,2815
2016/5/4,19:00,2848
2016/5/4,20:00,2741
2016/5/4,21:00,2590
2016/5/4,22:00,2436
2016/5/4,23:00,2297
2016/5/5,0:00,2154
2016/5/5,1:00,2043
2016/5/5,2:00,2028
2016/5/5,3:00,2049
2016/5/5,4:00,2057
2016/5/5,5:00,2037
2016/5/5,6:00,2094
2016/5/5,7:00,2212
2016/5/5,8:00,2384
2016/5/5,9:00,2550
2016/5/5,10:00,2613
2016/5/5,11:00,2649
2016/5/5,12:00,2607
2016/5/5,13:00,2641
2016/5/5,14:00,2663
2016/5/5,15:00,2664
2016/5/5,16:00,2702
2016/5/5,17:00,2735
2016/5/5,18:00,2850
2016/5/5,19:00,2884
2016/5/5,20:00,2772
2016/5/5,21:00,2620
2016/5/5,22:00,2458
2016/5/5,23:00,2282
2016/5/6,0:00,2112
2016/5/6,1:00,2018
2016/5/6,2:00,2027
2016/5/6,3:00,2053
2016/5/6,4:00,2101
2016/5/6,5:00,2140
2016/5/6,6:00,2306
2016/5/6,7:00,2515
2016/5/6,8:00,2761
2016/5/6,9:00,3003
2016/5/6,10:00,3086
2016/5/6,11:00,3150
2016/5/6,12:00,3066
2016/5/6,13:00,3175
2016/5/6,14:00,3200
2016/5/6,15:00,3162
2016/5/6,16:00,3187
2016/5/6,17:00,3195
2016/5/6,18:00,3225
2016/5/6,19:00,3110
2016/5/6,20:00,2939
2016/5/6,21:00,2773
2016/5/6,22:00,2695
2016/5/6,23:00,2521
2016/5/7,0:00,2329
2016/5/7,1:00,2210
2016/5/7,2:00,2181
2016/5/7,3:00,2194
2016/5/7,4:00,2195
2016/5/7,5:00,2182
2016/5/7,6:00,2257
2016/5/7,7:00,2417
2016/5/7,8:00,2692
2016/5/7,9:00,2924
2016/5/7,10:00,2989
2016/5/7,11:00,3006
2016/5/7,12:00,2968
2016/5/7,13:00,3059
2016/5/7,14:00,3085
2016/5/7,15:00,3059
2016/5/7,16:00,3067
2016/5/7,17:00,3026
2016/5/7,18:00,3124
2016/5/7,19:00,3096
2016/5/7,20:00,2934
2016/5/7,21:00,2756
2016/5/7,22:00,2670
2016/5/7,23:00,2514
2016/5/8,0:00,2286
2016/5/8,1:00,2171
2016/5/8,2:00,2157
2016/5/8,3:00,2175
2016/5/8,4:00,2172
2016/5/8,5:00,2127
2016/5/8,6:00,2155
2016/5/8,7:00,2245
2016/5/8,8:00,2383
2016/5/8,9:00,2539
2016/5/8,10:00,2644
2016/5/8,11:00,2706
2016/5/8,12:00,2715
2016/5/8,13:00,2720
2016/5/8,14:00,2702
2016/5/8,15:00,2678
2016/5/8,16:00,2698
2016/5/8,17:00,2761
2016/5/8,18:00,2922
2016/5/8,19:00,2964
2016/5/8,20:00,2851
2016/5/8,21:00,2709
2016/5/8,22:00,2555
2016/5/8,23:00,2393
2016/5/9,0:00,2220
2016/5/9,1:00,2117
2016/5/9,2:00,2119
2016/5/9,3:00,2161
2016/5/9,4:00,2204
2016/5/9,5:00,2251
2016/5/9,6:00,2442
2016/5/9,7:00,2666
2016/5/9,8:00,2958
2016/5/9,9:00,3243
2016/5/9,10:00,3365
2016/5/9,11:00,3403
2016/5/9,12:00,3271
2016/5/9,13:00,3411
2016/5/9,14:00,3423
2016/5/9,15:00,3384
2016/5/9,16:00,3376
2016/5/9,17:00,3338
2016/5/9,18:00,3352
2016/5/9,19:00,3227
2016/5/9,20:00,3067
2016/5/9,21:00,2906
2016/5/9,22:00,2811
2016/5/9,23:00,2628
2016/5/10,0:00,2427
2016/5/10,1:00,2310
2016/5/10,2:00,2287
2016/5/10,3:00,2316
2016/5/10,4:00,2355
2016/5/10,5:00,2408
2016/5/10,6:00,2595
2016/5/10,7:00,2824
2016/5/10,8:00,3121
2016/5/10,9:00,3417
2016/5/10,10:00,3495
2016/5/10,11:00,3484
2016/5/10,12:00,3336
2016/5/10,13:00,3491
2016/5/10,14:00,3534
2016/5/10,15:00,3489
2016/5/10,16:00,3482
2016/5/10,17:00,3439
2016/5/10,18:00,3447
2016/5/10,19:00,3306
2016/5/10,20:00,3126
2016/5/10,21:00,2949
2016/5/10,22:00,2854
2016/5/10,23:00,2685
2016/5/11,0:00,2484
2016/5/11,1:00,2353
2016/5/11,2:00,2331
2016/5/11,3:00,2342
2016/5/11,4:00,2364
2016/5/11,5:00,2430
2016/5/11,6:00,2615
2016/5/11,7:00,2873
2016/5/11,8:00,3167
2016/5/11,9:00,3434
2016/5/11,10:00,3569
2016/5/11,11:00,3620
2016/5/11,12:00,3431
2016/5/11,13:00,3589
2016/5/11,14:00,3566
2016/5/11,15:00,3503
2016/5/11,16:00,3475
2016/5/11,17:00,3413
2016/5/11,18:00,3402
2016/5/11,19:00,3323
2016/5/11,20:00,3141
2016/5/11,21:00,2978
2016/5/11,22:00,2888
2016/5/11,23:00,2701
2016/5/12,0:00,2479
2016/5/12,1:00,2339
2016/5/12,2:00,2304
2016/5/12,3:00,2333
2016/5/12,4:00,2373
2016/5/12,5:00,2403
2016/5/12,6:00,2591
2016/5/12,7:00,2844
2016/5/12,8:00,3134
2016/5/12,9:00,3407
2016/5/12,10:00,3511
2016/5/12,11:00,3559
2016/5/12,12:00,3416
2016/5/12,13:00,3587
2016/5/12,14:00,3614
2016/5/12,15:00,3577
2016/5/12,16:00,3573
2016/5/12,17:00,3453
2016/5/12,18:00,3415
2016/5/12,19:00,3362
2016/5/12,20:00,3157
2016/5/12,21:00,2973
2016/5/12,22:00,2878
2016/5/12,23:00,2688
2016/5/13,0:00,2489
2016/5/13,1:00,2353
2016/5/13,2:00,2329
2016/5/13,3:00,2360
2016/5/13,4:00,2390
2016/5/13,5:00,2428
2016/5/13,6:00,2618
2016/5/13,7:00,2899
2016/5/13,8:00,3209
2016/5/13,9:00,3472
2016/5/13,10:00,3555
2016/5/13,11:00,3601
2016/5/13,12:00,3444
2016/5/13,13:00,3635
2016/5/13,14:00,3652
2016/5/13,15:00,3623
2016/5/13,16:00,3589
2016/5/13,17:00,3444
2016/5/13,18:00,3407
2016/5/13,19:00,3343
2016/5/13,20:00,3152
2016/5/13,21:00,2959
2016/5/13,22:00,2884
2016/5/13,23:00,2720
2016/5/14,0:00,2509
2016/5/14,1:00,2371
2016/5/14,2:00,2331
2016/5/14,3:00,2337
2016/5/14,4:00,2336
2016/5/14,5:00,2296
2016/5/14,6:00,2362
2016/5/14,7:00,2556
2016/5/14,8:00,2733
2016/5/14,9:00,2999
2016/5/14,10:00,3067
2016/5/14,11:00,3105
2016/5/14,12:00,3041
2016/5/14,13:00,3100
2016/5/14,14:00,3063
2016/5/14,15:00,3012
2016/5/14,16:00,2995
2016/5/14,17:00,2943
2016/5/14,18:00,2984
2016/5/14,19:00,3008
2016/5/14,20:00,2886
2016/5/14,21:00,2728
2016/5/14,22:00,2623
2016/5/14,23:00,2468
2016/5/15,0:00,2288
2016/5/15,1:00,2165
2016/5/15,2:00,2146
2016/5/15,3:00,2179
2016/5/15,4:00,2179
2016/5/15,5:00,2158
2016/5/15,6:00,2200
2016/5/15,7:00,2316
2016/5/15,8:00,2475
2016/5/15,9:00,2629
2016/5/15,10:00,2667
2016/5/15,11:00,2699
2016/5/15,12:00,2702
2016/5/15,13:00,2691
2016/5/15,14:00,2701
2016/5/15,15:00,2739
2016/5/15,16:00,2778
2016/5/15,17:00,2823
2016/5/15,18:00,2955
2016/5/15,19:00,3017
2016/5/15,20:00,2903
2016/5/15,21:00,2750
2016/5/15,22:00,2586
2016/5/15,23:00,2422
2016/5/16,0:00,2269
2016/5/16,1:00,2163
2016/5/16,2:00,2158
2016/5/16,3:00,2199
2016/5/16,4:00,2249
2016/5/16,5:00,2316
2016/5/16,6:00,2531
2016/5/16,7:00,2762
2016/5/16,8:00,3056
2016/5/16,9:00,3334
2016/5/16,10:00,3387
2016/5/16,11:00,3423
2016/5/16,12:00,3259
2016/5/16,13:00,3412
2016/5/16,14:00,3432
2016/5/16,15:00,3414
2016/5/16,16:00,3425
2016/5/16,17:00,3352
2016/5/16,18:00,3350
2016/5/16,19:00,3288
2016/5/16,20:00,3119
2016/5/16,21:00,2946
2016/5/16,22:00,2889
2016/5/16,23:00,2696
2016/5/17,0:00,2476
2016/5/17,1:00,2348
2016/5/17,2:00,2331
2016/5/17,3:00,2368
2016/5/17,4:00,2404
2016/5/17,5:00,2469
2016/5/17,6:00,2667
2016/5/17,7:00,2926
2016/5/17,8:00,3227
2016/5/17,9:00,3501
2016/5/17,10:00,3582
2016/5/17,11:00,3592
2016/5/17,12:00,3416
2016/5/17,13:00,3556
2016/5/17,14:00,3558
2016/5/17,15:00,3500
2016/5/17,16:00,3496
2016/5/17,17:00,3423
2016/5/17,18:00,3401
2016/5/17,19:00,3291
2016/5/17,20:00,3119
2016/5/17,21:00,2938
2016/5/17,22:00,2844
2016/5/17,23:00,2685
2016/5/18,0:00,2467
2016/5/18,1:00,2330
2016/5/18,2:00,2300
2016/5/18,3:00,2346
2016/5/18,4:00,2382
2016/5/18,5:00,2426
2016/5/18,6:00,2612
2016/5/18,7:00,2836
2016/5/18,8:00,3123
2016/5/18,9:00,3376
2016/5/18,10:00,3474
2016/5/18,11:00,3497
2016/5/18,12:00,3341
2016/5/18,13:00,3493
2016/5/18,14:00,3514
2016/5/18,15:00,3486
2016/5/18,16:00,3479
2016/5/18,17:00,3356
2016/5/18,18:00,3302
2016/5/18,19:00,3280
2016/5/18,20:00,3109
2016/5/18,21:00,2950
2016/5/18,22:00,2858
2016/5/18,23:00,2672
2016/5/19,0:00,2452
2016/5/19,1:00,2322
2016/5/19,2:00,2300
2016/5/19,3:00,2339
2016/5/19,4:00,2376
2016/5/19,5:00,2416
2016/5/19,6:00,2597
2016/5/19,7:00,2822
2016/5/19,8:00,3100
2016/5/19,9:00,3359
2016/5/19,10:00,3448
2016/5/19,11:00,3485
2016/5/19,12:00,3315
2016/5/19,13:00,3482
2016/5/19,14:00,3511
2016/5/19,15:00,3480
2016/5/19,16:00,3450
2016/5/19,17:00,3334
2016/5/19,18:00,3320
2016/5/19,19:00,3271
2016/5/19,20:00,3088
2016/5/19,21:00,2935
2016/5/19,22:00,2846
2016/5/19,23:00,2667
2016/5/20,0:00,2459
2016/5/20,1:00,2328
2016/5/20,2:00,2319
2016/5/20,3:00,2349
2016/5/20,4:00,2387
2016/5/20,5:00,2417
2016/5/20,6:00,2604
2016/5/20,7:00,2826
2016/5/20,8:00,3096
2016/5/20,9:00,3338
2016/5/20,10:00,3404
2016/5/20,11:00,3408
2016/5/20,12:00,3240
2016/5/20,13:00,3367
2016/5/20,14:00,3376
2016/5/20,15:00,3346
2016/5/20,16:00,3319
2016/5/20,17:00,3237
2016/5/20,18:00,3255
2016/5/20,19:00,3225
2016/5/20,20:00,3065
2016/5/20,21:00,2892
2016/5/20,22:00,2835
2016/5/20,23:00,2665
2016/5/21,0:00,2471
2016/5/21,1:00,2337
2016/5/21,2:00,2303
2016/5/21,3:00,2324
2016/5/21,4:00,2325
2016/5/21,5:00,2303
2016/5/21,6:00,2381
2016/5/21,7:00,2518
2016/5/21,8:00,2724
2016/5/21,9:00,2904
2016/5/21,10:00,2993
2016/5/21,11:00,3041
2016/5/21,12:00,2983
2016/5/21,13:00,3030
2016/5/21,14:00,3015
2016/5/21,15:00,2997
2016/5/21,16:00,2977
2016/5/21,17:00,2979
2016/5/21,18:00,3048
2016/5/21,19:00,3046
2016/5/21,20:00,2915
2016/5/21,21:00,2769
2016/5/21,22:00,2657
2016/5/21,23:00,2512
2016/5/22,0:00,2339
2016/5/22,1:00,2221
2016/5/22,2:00,2203
2016/5/22,3:00,2220
2016/5/22,4:00,2217
2016/5/22,5:00,2188
2016/5/22,6:00,2227
2016/5/22,7:00,2352
2016/5/22,8:00,2519
2016/5/22,9:00,2676
2016/5/22,10:00,2788
2016/5/22,11:00,2839
2016/5/22,12:00,2834
2016/5/22,13:00,2843
2016/5/22,14:00,2853
2016/5/22,15:00,2858
2016/5/22,16:00,2887
2016/5/22,17:00,2919
2016/5/22,18:00,2985
2016/5/22,19:00,3034
2016/5/22,20:00,2910
2016/5/22,21:00,2745
2016/5/22,22:00,2580
2016/5/22,23:00,2409
2016/5/23,0:00,2240
2016/5/23,1:00,2140
2016/5/23,2:00,2134
2016/5/23,3:00,2189
2016/5/23,4:00,2223
2016/5/23,5:00,2283
2016/5/23,6:00,2508
2016/5/23,7:00,2789
2016/5/23,8:00,3144
2016/5/23,9:00,3467
2016/5/23,10:00,3655
2016/5/23,11:00,3734
2016/5/23,12:00,3611
2016/5/23,13:00,3823
2016/5/23,14:00,3870
2016/5/23,15:00,3834
2016/5/23,16:00,3811
2016/5/23,17:00,3657
2016/5/23,18:00,3570
2016/5/23,19:00,3486
2016/5/23,20:00,3271
2016/5/23,21:00,3073
2016/5/23,22:00,2974
2016/5/23,23:00,2799
2016/5/24,0:00,2599
2016/5/24,1:00,2462
2016/5/24,2:00,2430
2016/5/24,3:00,2458
2016/5/24,4:00,2486
2016/5/24,5:00,2527
2016/5/24,6:00,2739
2016/5/24,7:00,3029
2016/5/24,8:00,3411
2016/5/24,9:00,3764
2016/5/24,10:00,3948
2016/5/24,11:00,3976
2016/5/24,12:00,3859
2016/5/24,13:00,4006
2016/5/24,14:00,3976
2016/5/24,15:00,3865
2016/5/24,16:00,3789
2016/5/24,17:00,3605
2016/5/24,18:00,3534
2016/5/24,19:00,3470
2016/5/24,20:00,3266
2016/5/24,21:00,3068
2016/5/24,22:00,2978
2016/5/24,23:00,2803
2016/5/25,0:00,2600
2016/5/25,1:00,2467
2016/5/25,2:00,2435
2016/5/25,3:00,2477
2016/5/25,4:00,2515
2016/5/25,5:00,2560
2016/5/25,6:00,2762
2016/5/25,7:00,3038
2016/5/25,8:00,3346
2016/5/25,9:00,3643
2016/5/25,10:00,3701
2016/5/25,11:00,3767
2016/5/25,12:00,3577
2016/5/25,13:00,3704
2016/5/25,14:00,3698
2016/5/25,15:00,3643
2016/5/25,16:00,3606
2016/5/25,17:00,3506
2016/5/25,18:00,3487
2016/5/25,19:00,3414
2016/5/25,20:00,3228
2016/5/25,21:00,3042
2016/5/25,22:00,2962
2016/5/25,23:00,2779
2016/5/26,0:00,2551
2016/5/26,1:00,2419
2016/5/26,2:00,2395
2016/5/26,3:00,2443
2016/5/26,4:00,2477
2016/5/26,5:00,2511
2016/5/26,6:00,2700
2016/5/26,7:00,2984
2016/5/26,8:00,3390
2016/5/26,9:00,3691
2016/5/26,10:00,3787
2016/5/26,11:00,3775
2016/5/26,12:00,3627
2016/5/26,13:00,3805
2016/5/26,14:00,3835
2016/5/26,15:00,3788
2016/5/26,16:00,3744
2016/5/26,17:00,3562
2016/5/26,18:00,3497
2016/5/26,19:00,3451
2016/5/26,20:00,3249
2016/5/26,21:00,3038
2016/5/26,22:00,2926
2016/5/26,23:00,2738
2016/5/27,0:00,2534
2016/5/27,1:00,2406
2016/5/27,2:00,2383
2016/5/27,3:00,2410
2016/5/27,4:00,2454
2016/5/27,5:00,2505
2016/5/27,6:00,2709
2016/5/27,7:00,2993
2016/5/27,8:00,3357
2016/5/27,9:00,3594
2016/5/27,10:00,3644
2016/5/27,11:00,3614
2016/5/27,12:00,3389
2016/5/27,13:00,3493
2016/5/27,14:00,3483
2016/5/27,15:00,3416
2016/5/27,16:00,3405
2016/5/27,17:00,3276
2016/5/27,18:00,3252
2016/5/27,19:00,3218
2016/5/27,20:00,3037
2016/5/27,21:00,2857
2016/5/27,22:00,2769
2016/5/27,23:00,2611
2016/5/28,0:00,2426
2016/5/28,1:00,2291
2016/5/28,2:00,2246
2016/5/28,3:00,2260
2016/5/28,4:00,2276
2016/5/28,5:00,2257
2016/5/28,6:00,2339
2016/5/28,7:00,2507
2016/5/28,8:00,2686
2016/5/28,9:00,2909
2016/5/28,10:00,2965
2016/5/28,11:00,3045
2016/5/28,12:00,2946
2016/5/28,13:00,3000
2016/5/28,14:00,2948
2016/5/28,15:00,2894
2016/5/28,16:00,2909
2016/5/28,17:00,2891
2016/5/28,18:00,2926
2016/5/28,19:00,2969
2016/5/28,20:00,2853
2016/5/28,21:00,2726
2016/5/28,22:00,2580
2016/5/28,23:00,2408
2016/5/29,0:00,2225
2016/5/29,1:00,2116
2016/5/29,2:00,2090
2016/5/29,3:00,2117
2016/5/29,4:00,2108
2016/5/29,5:00,2087
2016/5/29,6:00,2133
2016/5/29,7:00,2267
2016/5/29,8:00,2420
2016/5/29,9:00,2591
2016/5/29,10:00,2694
2016/5/29,11:00,2758
2016/5/29,12:00,2778
2016/5/29,13:00,2743
2016/5/29,14:00,2753
2016/5/29,15:00,2728
2016/5/29,16:00,2803
2016/5/29,17:00,2856
2016/5/29,18:00,2939
2016/5/29,19:00,3004
2016/5/29,20:00,2895
2016/5/29,21:00,2723
2016/5/29,22:00,2553
2016/5/29,23:00,2417
2016/5/30,0:00,2249
2016/5/30,1:00,2154
2016/5/30,2:00,2152
2016/5/30,3:00,2186
2016/5/30,4:00,2229
2016/5/30,5:00,2298
2016/5/30,6:00,2479
2016/5/30,7:00,2707
2016/5/30,8:00,3120
2016/5/30,9:00,3350
2016/5/30,10:00,3420
2016/5/30,11:00,3457
2016/5/30,12:00,3254
2016/5/30,13:00,3408
2016/5/30,14:00,3414
2016/5/30,15:00,3345
2016/5/30,16:00,3330
2016/5/30,17:00,3262
2016/5/30,18:00,3261
2016/5/30,19:00,3217
2016/5/30,20:00,3071
2016/5/30,21:00,2890
2016/5/30,22:00,2597
2016/5/30,23:00,2454
2016/5/31,0:00,2348
2016/5/31,1:00,2245
2016/5/31,2:00,2237
2016/5/31,3:00,2258
2016/5/31,4:00,2318
2016/5/31,5:00,2366
2016/5/31,6:00,2541
2016/5/31,7:00,2752
2016/5/31,8:00,3075
2016/5/31,9:00,3327
2016/5/31,10:00,3416
2016/5/31,11:00,3454
2016/5/31,12:00,3339
2016/5/31,13:00,3497
2016/5/31,14:00,3512
2016/5/31,15:00,3476
2016/5/31,16:00,3439
2016/5/31,17:00,3319
2016/5/31,18:00,3306
2016/5/31,19:00,3276
2016/5/31,20:00,3115
2016/5/31,21:00,2942
2016/5/31,22:00,2838
2016/5/31,23:00,2580
2016/6/1,0:00,2470
2016/6/1,1:00,2360
2016/6/1,2:00,2344
2016/6/1,3:00,2371
2016/6/1,4:00,2390
2016/6/1,5:00,2414
2016/6/1,6:00,2587
2016/6/1,7:00,2776
2016/6/1,8:00,3028
2016/6/1,9:00,3269
2016/6/1,10:00,3390
2016/6/1,11:00,3439
2016/6/1,12:00,3288
2016/6/1,13:00,3404
2016/6/1,14:00,3448
2016/6/1,15:00,3420
2016/6/1,16:00,3394
2016/6/1,17:00,3294
2016/6/1,18:00,3241
2016/6/1,19:00,3220
2016/6/1,20:00,3041
2016/6/1,21:00,2855
2016/6/1,22:00,2670
2016/6/1,23:00,2494
2016/6/2,0:00,2391
2016/6/2,1:00,2287
2016/6/2,2:00,2270
2016/6/2,3:00,2319
2016/6/2,4:00,2342
2016/6/2,5:00,2413
2016/6/2,6:00,2589
2016/6/2,7:00,2798
2016/6/2,8:00,3049
2016/6/2,9:00,3270
2016/6/2,10:00,3339
2016/6/2,11:00,3383
2016/6/2,12:00,3220
2016/6/2,13:00,3363
2016/6/2,14:00,3389
2016/6/2,15:00,3375
2016/6/2,16:00,3363
2016/6/2,17:00,3274
2016/6/2,18:00,3206
2016/6/2,19:00,3207
2016/6/2,20:00,3032
2016/6/2,21:00,2868
2016/6/2,22:00,2753
2016/6/2,23:00,2587
2016/6/3,0:00,2395
2016/6/3,1:00,2286
2016/6/3,2:00,2285
2016/6/3,3:00,2334
2016/6/3,4:00,2358
2016/6/3,5:00,2419
2016/6/3,6:00,2593
2016/6/3,7:00,2784
2016/6/3,8:00,3040
2016/6/3,9:00,3285
2016/6/3,10:00,3369
2016/6/3,11:00,3396
2016/6/3,12:00,3229
2016/6/3,13:00,3352
2016/6/3,14:00,3385
2016/6/3,15:00,3336
2016/6/3,16:00,3326
2016/6/3,17:00,3238
2016/6/3,18:00,3172
2016/6/3,19:00,3175
2016/6/3,20:00,3018
2016/6/3,21:00,2850
2016/6/3,22:00,2751
2016/6/3,23:00,2621
2016/6/4,0:00,2434
2016/6/4,1:00,2307
2016/6/4,2:00,2269
2016/6/4,3:00,2289
2016/6/4,4:00,2286
2016/6/4,5:00,2262
2016/6/4,6:00,2332
2016/6/4,7:00,2479
2016/6/4,8:00,2720
2016/6/4,9:00,2898
2016/6/4,10:00,3019
2016/6/4,11:00,3101
2016/6/4,12:00,3083
2016/6/4,13:00,3075
2016/6/4,14:00,3015
2016/6/4,15:00,2981
2016/6/4,16:00,2970
2016/6/4,17:00,2946
2016/6/4,18:00,3003
2016/6/4,19:00,3019
2016/6/4,20:00,2898
2016/6/4,21:00,2741
2016/6/4,22:00,2586
2016/6/4,23:00,2431
2016/6/5,0:00,2255
2016/6/5,1:00,2147
2016/6/5,2:00,2105
2016/6/5,3:00,2130
2016/6/5,4:00,2143
2016/6/5,5:00,2105
2016/6/5,6:00,2170
2016/6/5,7:00,2312
2016/6/5,8:00,2429
2016/6/5,9:00,2572
2016/6/5,10:00,2656
2016/6/5,11:00,2642
2016/6/5,12:00,2677
2016/6/5,13:00,2640
2016/6/5,14:00,2635
2016/6/5,15:00,2604
2016/6/5,16:00,2629
2016/6/5,17:00,2747
2016/6/5,18:00,2825
2016/6/5,19:00,2905
2016/6/5,20:00,2790
2016/6/5,21:00,2639
2016/6/5,22:00,2501
2016/6/5,23:00,2341
2016/6/6,0:00,2182
2016/6/6,1:00,2085
2016/6/6,2:00,2096
2016/6/6,3:00,2145
2016/6/6,4:00,2197
2016/6/6,5:00,2269
2016/6/6,6:00,2474
2016/6/6,7:00,2743
2016/6/6,8:00,3071
2016/6/6,9:00,3356
2016/6/6,10:00,3438
2016/6/6,11:00,3501
2016/6/6,12:00,3300
2016/6/6,13:00,3381
2016/6/6,14:00,3396
2016/6/6,15:00,3369
2016/6/6,16:00,3356
2016/6/6,17:00,3292
2016/6/6,18:00,3280
2016/6/6,19:00,3219
2016/6/6,20:00,3047
2016/6/6,21:00,2887
2016/6/6,22:00,2771
2016/6/6,23:00,2607
2016/6/7,0:00,2436
2016/6/7,1:00,2315
2016/6/7,2:00,2309
2016/6/7,3:00,2347
2016/6/7,4:00,2395
2016/6/7,5:00,2451
2016/6/7,6:00,2627
2016/6/7,7:00,2870
2016/6/7,8:00,3176
2016/6/7,9:00,3429
2016/6/7,10:00,3491
2016/6/7,11:00,3486
2016/6/7,12:00,3348
2016/6/7,13:00,3448
2016/6/7,14:00,3442
2016/6/7,15:00,3407
2016/6/7,16:00,3412
2016/6/7,17:00,3334
2016/6/7,18:00,3347
2016/6/7,19:00,3288
2016/6/7,20:00,3096
2016/6/7,21:00,2931
2016/6/7,22:00,2817
2016/6/7,23:00,2650
2016/6/8,0:00,2458
2016/6/8,1:00,2343
2016/6/8,2:00,2328
2016/6/8,3:00,2376
2016/6/8,4:00,2407
2016/6/8,5:00,2451
2016/6/8,6:00,2636
2016/6/8,7:00,2878
2016/6/8,8:00,3213
2016/6/8,9:00,3447
2016/6/8,10:00,3549
2016/6/8,11:00,3601
2016/6/8,12:00,3500
2016/6/8,13:00,3600
2016/6/8,14:00,3602
2016/6/8,15:00,3576
2016/6/8,16:00,3535
2016/6/8,17:00,3394
2016/6/8,18:00,3357
2016/6/8,19:00,3336
2016/6/8,20:00,3162
2016/6/8,21:00,2983
2016/6/8,22:00,2892
2016/6/8,23:00,2687
2016/6/9,0:00,2484
2016/6/9,1:00,2372
2016/6/9,2:00,2355
2016/6/9,3:00,2393
2016/6/9,4:00,2434
2016/6/9,5:00,2489
2016/6/9,6:00,2692
2016/6/9,7:00,2946
2016/6/9,8:00,3254
2016/6/9,9:00,3557
2016/6/9,10:00,3616
2016/6/9,11:00,3631
2016/6/9,12:00,3472
2016/6/9,13:00,3574
2016/6/9,14:00,3579
2016/6/9,15:00,3569
2016/6/9,16:00,3596
2016/6/9,17:00,3510
2016/6/9,18:00,3490
2016/6/9,19:00,3419
2016/6/9,20:00,3222
2016/6/9,21:00,3038
2016/6/9,22:00,2905
2016/6/9,23:00,2730
2016/6/10,0:00,2519
2016/6/10,1:00,2389
2016/6/10,2:00,2366
2016/6/10,3:00,2402
2016/6/10,4:00,2438
2016/6/10,5:00,2477
2016/6/10,6:00,2664
2016/6/10,7:00,2932
2016/6/10,8:00,3294
2016/6/10,9:00,3589
2016/6/10,10:00,3709
2016/6/10,11:00,3776
2016/6/10,12:00,3660
2016/6/10,13:00,3762
2016/6/10,14:00,3790
2016/6/10,15:00,3748
2016/6/10,16:00,3721
2016/6/10,17:00,3552
2016/6/10,18:00,3437
2016/6/10,19:00,3368
2016/6/10,20:00,3173
2016/6/10,21:00,3015
2016/6/10,22:00,2897
2016/6/10,23:00,2735
2016/6/11,0:00,2537
2016/6/11,1:00,2341
2016/6/11,2:00,2282
2016/6/11,3:00,2296
2016/6/11,4:00,2294
2016/6/11,5:00,2265
2016/6/11,6:00,2349
2016/6/11,7:00,2570
2016/6/11,8:00,2860
2016/6/11,9:00,3091
2016/6/11,10:00,3203
2016/6/11,11:00,3262
2016/6/11,12:00,3222
2016/6/11,13:00,3254
2016/6/11,14:00,3237
2016/6/11,15:00,3186
2016/6/11,16:00,3140
2016/6/11,17:00,3080
2016/6/11,18:00,3091
2016/6/11,19:00,3137
2016/6/11,20:00,3017
2016/6/11,21:00,2854
2016/6/11,22:00,2696
2016/6/11,23:00,2558
2016/6/12,0:00,2387
2016/6/12,1:00,2246
2016/6/12,2:00,2204
2016/6/12,3:00,2240
2016/6/12,4:00,2238
2016/6/12,5:00,2220
2016/6/12,6:00,2270
2016/6/12,7:00,2403
2016/6/12,8:00,2618
2016/6/12,9:00,2807
2016/6/12,10:00,2875
2016/6/12,11:00,2935
2016/6/12,12:00,2946
2016/6/12,13:00,2963
2016/6/12,14:00,2949
2016/6/12,15:00,2914
2016/6/12,16:00,2920
2016/6/12,17:00,2993
2016/6/12,18:00,3095
2016/6/12,19:00,3118
2016/6/12,20:00,2984
2016/6/12,21:00,2848
2016/6/12,22:00,2678
2016/6/12,23:00,2520
2016/6/13,0:00,2340
2016/6/13,1:00,2224
2016/6/13,2:00,2217
2016/6/13,3:00,2272
2016/6/13,4:00,2332
2016/6/13,5:00,2421
2016/6/13,6:00,2615
2016/6/13,7:00,2880
2016/6/13,8:00,3233
2016/6/13,9:00,3526
2016/6/13,10:00,3589
2016/6/13,11:00,3628
2016/6/13,12:00,3400
2016/6/13,13:00,3531
2016/6/13,14:00,3536
2016/6/13,15:00,3463
2016/6/13,16:00,3443
2016/6/13,17:00,3381
2016/6/13,18:00,3336
2016/6/13,19:00,3277
2016/6/13,20:00,3106
2016/6/13,21:00,2923
2016/6/13,22:00,2810
2016/6/13,23:00,2646
2016/6/14,0:00,2446
2016/6/14,1:00,2313
2016/6/14,2:00,2290
2016/6/14,3:00,2348
2016/6/14,4:00,2378
2016/6/14,5:00,2432
2016/6/14,6:00,2633
2016/6/14,7:00,2894
2016/6/14,8:00,3214
2016/6/14,9:00,3536
2016/6/14,10:00,3613
2016/6/14,11:00,3651
2016/6/14,12:00,3473
2016/6/14,13:00,3598
2016/6/14,14:00,3610
2016/6/14,15:00,3574
2016/6/14,16:00,3585
2016/6/14,17:00,3483
2016/6/14,18:00,3433
2016/6/14,19:00,3374
2016/6/14,20:00,3197
2016/6/14,21:00,2983
2016/6/14,22:00,2822
2016/6/14,23:00,2648
2016/6/15,0:00,2468
2016/6/15,1:00,2341
2016/6/15,2:00,2313
2016/6/15,3:00,2362
2016/6/15,4:00,2405
2016/6/15,5:00,2467
2016/6/15,6:00,2646
2016/6/15,7:00,2897
2016/6/15,8:00,3230
2016/6/15,9:00,3471
2016/6/15,10:00,3531
2016/6/15,11:00,3559
2016/6/15,12:00,3404
2016/6/15,13:00,3521
2016/6/15,14:00,3492
2016/6/15,15:00,3422
2016/6/15,16:00,3423
2016/6/15,17:00,3375
2016/6/15,18:00,3340
2016/6/15,19:00,3301
2016/6/15,20:00,3161
2016/6/15,21:00,2965
2016/6/15,22:00,2852
2016/6/15,23:00,2693
2016/6/16,0:00,2493
2016/6/16,1:00,2355
2016/6/16,2:00,2324
2016/6/16,3:00,2375
2016/6/16,4:00,2416
2016/6/16,5:00,2462
2016/6/16,6:00,2652
2016/6/16,7:00,2883
2016/6/16,8:00,3262
2016/6/16,9:00,3571
2016/6/16,10:00,3657
2016/6/16,11:00,3670
2016/6/16,12:00,3511
2016/6/16,13:00,3600
2016/6/16,14:00,3604
2016/6/16,15:00,3561
2016/6/16,16:00,3549
2016/6/16,17:00,3490
2016/6/16,18:00,3464
2016/6/16,19:00,3365
2016/6/16,20:00,3159
2016/6/16,21:00,3012
2016/6/16,22:00,2878
2016/6/16,23:00,2708
2016/6/17,0:00,2505
2016/6/17,1:00,2358
2016/6/17,2:00,2320
2016/6/17,3:00,2371
2016/6/17,4:00,2415
2016/6/17,5:00,2447
2016/6/17,6:00,2643
2016/6/17,7:00,2910
2016/6/17,8:00,3330
2016/6/17,9:00,3671
2016/6/17,10:00,3788
2016/6/17,11:00,3872
2016/6/17,12:00,3789
2016/6/17,13:00,3962
2016/6/17,14:00,3951
2016/6/17,15:00,3951
2016/6/17,16:00,3895
2016/6/17,17:00,3741
2016/6/17,18:00,3658
2016/6/17,19:00,3616
2016/6/17,20:00,3409
2016/6/17,21:00,3177
2016/6/17,22:00,3035
2016/6/17,23:00,2845
2016/6/18,0:00,2616
2016/6/18,1:00,2437
2016/6/18,2:00,2357
2016/6/18,3:00,2359
2016/6/18,4:00,2355
2016/6/18,5:00,2349
2016/6/18,6:00,2448
2016/6/18,7:00,2670
2016/6/18,8:00,2956
2016/6/18,9:00,3208
2016/6/18,10:00,3352
2016/6/18,11:00,3444
2016/6/18,12:00,3456
2016/6/18,13:00,3491
2016/6/18,14:00,3525
2016/6/18,15:00,3510
2016/6/18,16:00,3486
2016/6/18,17:00,3404
2016/6/18,18:00,3330
2016/6/18,19:00,3323
2016/6/18,20:00,3169
2016/6/18,21:00,3025
2016/6/18,22:00,2888
2016/6/18,23:00,2689
2016/6/19,0:00,2466
2016/6/19,1:00,2306
2016/6/19,2:00,2255
2016/6/19,3:00,2253
2016/6/19,4:00,2243
2016/6/19,5:00,2239
2016/6/19,6:00,2296
2016/6/19,7:00,2462
2016/6/19,8:00,2689
2016/6/19,9:00,2911
2016/6/19,10:00,3032
2016/6/19,11:00,3119
2016/6/19,12:00,3049
2016/6/19,13:00,3065
2016/6/19,14:00,3014
2016/6/19,15:00,2978
2016/6/19,16:00,3003
2016/6/19,17:00,3051
2016/6/19,18:00,3116
2016/6/19,19:00,3143
2016/6/19,20:00,3038
2016/6/19,21:00,2893
2016/6/19,22:00,2746
2016/6/19,23:00,2573
2016/6/20,0:00,2369
2016/6/20,1:00,2258
2016/6/20,2:00,2238
2016/6/20,3:00,2290
2016/6/20,4:00,2344
2016/6/20,5:00,2409
2016/6/20,6:00,2602
2016/6/20,7:00,2912
2016/6/20,8:00,3342
2016/6/20,9:00,3673
2016/6/20,10:00,3855
2016/6/20,11:00,3997
2016/6/20,12:00,3892
2016/6/20,13:00,4113
2016/6/20,14:00,4145
2016/6/20,15:00,4069
2016/6/20,16:00,4053
2016/6/20,17:00,3979
2016/6/20,18:00,3889
2016/6/20,19:00,3839
2016/6/20,20:00,3606
2016/6/20,21:00,3369
2016/6/20,22:00,3204
2016/6/20,23:00,2972
2016/6/21,0:00,2713
2016/6/21,1:00,2533
2016/6/21,2:00,2450
2016/6/21,3:00,2437
2016/6/21,4:00,2441
2016/6/21,5:00,2474
2016/6/21,6:00,2692
2016/6/21,7:00,3041
2016/6/21,8:00,3484
2016/6/21,9:00,3844
2016/6/21,10:00,3897
2016/6/21,11:00,3920
2016/6/21,12:00,3659
2016/6/21,13:00,3789
2016/6/21,14:00,3830
2016/6/21,15:00,3839
2016/6/21,16:00,3879
2016/6/21,17:00,3772
2016/6/21,18:00,3688
2016/6/21,19:00,3655
2016/6/21,20:00,3445
2016/6/21,21:00,3220
2016/6/21,22:00,3107
2016/6/21,23:00,2880
2016/6/22,0:00,2613
2016/6/22,1:00,2442
2016/6/22,2:00,2369
2016/6/22,3:00,2379
2016/6/22,4:00,2381
2016/6/22,5:00,2396
2016/6/22,6:00,2608
2016/6/22,7:00,2933
2016/6/22,8:00,3380
2016/6/22,9:00,3774
2016/6/22,10:00,3847
2016/6/22,11:00,3876
2016/6/22,12:00,3694
2016/6/22,13:00,3800
2016/6/22,14:00,3807
2016/6/22,15:00,3752
2016/6/22,16:00,3766
2016/6/22,17:00,3669
2016/6/22,18:00,3631
2016/6/22,19:00,3545
2016/6/22,20:00,3354
2016/6/22,21:00,3149
2016/6/22,22:00,2984
2016/6/22,23:00,2778
2016/6/23,0:00,2550
2016/6/23,1:00,2391
2016/6/23,2:00,2328
2016/6/23,3:00,2333
2016/6/23,4:00,2356
2016/6/23,5:00,2391
2016/6/23,6:00,2578
2016/6/23,7:00,2897
2016/6/23,8:00,3377
2016/6/23,9:00,3754
2016/6/23,10:00,3878
2016/6/23,11:00,3884
2016/6/23,12:00,3723
2016/6/23,13:00,3847
2016/6/23,14:00,3866
2016/6/23,15:00,3891
2016/6/23,16:00,3938
2016/6/23,17:00,3853
2016/6/23,18:00,3759
2016/6/23,19:00,3690
2016/6/23,20:00,3438
2016/6/23,21:00,3217
2016/6/23,22:00,3029
2016/6/23,23:00,2820
2016/6/24,0:00,2568
2016/6/24,1:00,2398
2016/6/24,2:00,2330
2016/6/24,3:00,2335
2016/6/24,4:00,2364
2016/6/24,5:00,2367
2016/6/24,6:00,2547
2016/6/24,7:00,2865
2016/6/24,8:00,3294
2016/6/24,9:00,3660
2016/6/24,10:00,3760
2016/6/24,11:00,3791
2016/6/24,12:00,3630
2016/6/24,13:00,3775
2016/6/24,14:00,3756
2016/6/24,15:00,3713
2016/6/24,16:00,3733
2016/6/24,17:00,3646
2016/6/24,18:00,3613
2016/6/24,19:00,3507
2016/6/24,20:00,3297
2016/6/24,21:00,3120
2016/6/24,22:00,2976
2016/6/24,23:00,2788
2016/6/25,0:00,2583
2016/6/25,1:00,2424
2016/6/25,2:00,2358
2016/6/25,3:00,2358
2016/6/25,4:00,2345
2016/6/25,5:00,2326
2016/6/25,6:00,2379
2016/6/25,7:00,2559
2016/6/25,8:00,2906
2016/6/25,9:00,3201
2016/6/25,10:00,3374
2016/6/25,11:00,3450
2016/6/25,12:00,3389
2016/6/25,13:00,3451
2016/6/25,14:00,3463
2016/6/25,15:00,3419
2016/6/25,16:00,3378
2016/6/25,17:00,3361
2016/6/25,18:00,3415
2016/6/25,19:00,3413
2016/6/25,20:00,3260
2016/6/25,21:00,3060
2016/6/25,22:00,2880
2016/6/25,23:00,2701
2016/6/26,0:00,2486
2016/6/26,1:00,2331
2016/6/26,2:00,2251
2016/6/26,3:00,2241
2016/6/26,4:00,2207
2016/6/26,5:00,2161
2016/6/26,6:00,2230
2016/6/26,7:00,2394
2016/6/26,8:00,2628
2016/6/26,9:00,2854
2016/6/26,10:00,3003
2016/6/26,11:00,3063
2016/6/26,12:00,3114
2016/6/26,13:00,3093
2016/6/26,14:00,3132
2016/6/26,15:00,3153
2016/6/26,16:00,3157
2016/6/26,17:00,3195
2016/6/26,18:00,3243
2016/6/26,19:00,3324
2016/6/26,20:00,3220
2016/6/26,21:00,3028
2016/6/26,22:00,2840
2016/6/26,23:00,2635
2016/6/27,0:00,2392
2016/6/27,1:00,2246
2016/6/27,2:00,2190
2016/6/27,3:00,2204
2016/6/27,4:00,2221
2016/6/27,5:00,2267
2016/6/27,6:00,2495
2016/6/27,7:00,2857
2016/6/27,8:00,3350
2016/6/27,9:00,3737
2016/6/27,10:00,3924
2016/6/27,11:00,3952
2016/6/27,12:00,3807
2016/6/27,13:00,3978
2016/6/27,14:00,4033
2016/6/27,15:00,3997
2016/6/27,16:00,3930
2016/6/27,17:00,3750
2016/6/27,18:00,3694
2016/6/27,19:00,3630
2016/6/27,20:00,3413
2016/6/27,21:00,3196
2016/6/27,22:00,3113
2016/6/27,23:00,2863
2016/6/28,0:00,2651
2016/6/28,1:00,2477
2016/6/28,2:00,2398
2016/6/28,3:00,2377
2016/6/28,4:00,2383
2016/6/28,5:00,2410
2016/6/28,6:00,2587
2016/6/28,7:00,2841
2016/6/28,8:00,3225
2016/6/28,9:00,3542
2016/6/28,10:00,3632
2016/6/28,11:00,3630
2016/6/28,12:00,3445
2016/6/28,13:00,3604
2016/6/28,14:00,3630
2016/6/28,15:00,3598
2016/6/28,16:00,3611
2016/6/28,17:00,3546
2016/6/28,18:00,3512
2016/6/28,19:00,3441
2016/6/28,20:00,3255
2016/6/28,21:00,3077
2016/6/28,22:00,2943
2016/6/28,23:00,2762
2016/6/29,0:00,2529
2016/6/29,1:00,2365
2016/6/29,2:00,2308
2016/6/29,3:00,2326
2016/6/29,4:00,2342
2016/6/29,5:00,2370
2016/6/29,6:00,2553
2016/6/29,7:00,2843
2016/6/29,8:00,3219
2016/6/29,9:00,3533
2016/6/29,10:00,3637
2016/6/29,11:00,3682
2016/6/29,12:00,3524
2016/6/29,13:00,3668
2016/6/29,14:00,3695
2016/6/29,15:00,3638
2016/6/29,16:00,3656
2016/6/29,17:00,3591
2016/6/29,18:00,3556
2016/6/29,19:00,3488
2016/6/29,20:00,3283
2016/6/29,21:00,3078
2016/6/29,22:00,2974
2016/6/29,23:00,2776
2016/6/30,0:00,2532
2016/6/30,1:00,2374
2016/6/30,2:00,2318
2016/6/30,3:00,2326
2016/6/30,4:00,2332
2016/6/30,5:00,2329
2016/6/30,6:00,2497
2016/6/30,7:00,2783
2016/6/30,8:00,3190
2016/6/30,9:00,3536
2016/6/30,10:00,3642
2016/6/30,11:00,3692
2016/6/30,12:00,3627
2016/6/30,13:00,3757
2016/6/30,14:00,3812
2016/6/30,15:00,3778
2016/6/30,16:00,3776
2016/6/30,17:00,3688
2016/6/30,18:00,3662
2016/6/30,19:00,3599
2016/6/30,20:00,3384
2016/6/30,21:00,3194
2016/6/30,22:00,3029
2016/6/30,23:00,2822
2016/7/1,0:00,2592
2016/7/1,1:00,2411
2016/7/1,2:00,2335
2016/7/1,3:00,2332
2016/7/1,4:00,2337
2016/7/1,5:00,2349
2016/7/1,6:00,2551
2016/7/1,7:00,2849
2016/7/1,8:00,3260
2016/7/1,9:00,3716
2016/7/1,10:00,3976
2016/7/1,11:00,4109
2016/7/1,12:00,4019
2016/7/1,13:00,4151
2016/7/1,14:00,4239
2016/7/1,15:00,4215
2016/7/1,16:00,4184
2016/7/1,17:00,4009
2016/7/1,18:00,3894
2016/7/1,19:00,3812
2016/7/1,20:00,3576
2016/7/1,21:00,3313
2016/7/1,22:00,3181
2016/7/1,23:00,2967
2016/7/2,0:00,2725
2016/7/2,1:00,2546
2016/7/2,2:00,2452
2016/7/2,3:00,2427
2016/7/2,4:00,2422
2016/7/2,5:00,2372
2016/7/2,6:00,2436
2016/7/2,7:00,2660
2016/7/2,8:00,3020
2016/7/2,9:00,3319
2016/7/2,10:00,3470
2016/7/2,11:00,3532
2016/7/2,12:00,3551
2016/7/2,13:00,3636
2016/7/2,14:00,3730
2016/7/2,15:00,3785
2016/7/2,16:00,3780
2016/7/2,17:00,3719
2016/7/2,18:00,3720
2016/7/2,19:00,3763
2016/7/2,20:00,3591
2016/7/2,21:00,3396
2016/7/2,22:00,3178
2016/7/2,23:00,2950
2016/7/3,0:00,2709
2016/7/3,1:00,2509
2016/7/3,2:00,2410
2016/7/3,3:00,2395
2016/7/3,4:00,2363
2016/7/3,5:00,2319
2016/7/3,6:00,2411
2016/7/3,7:00,2589
2016/7/3,8:00,2891
2016/7/3,9:00,3210
2016/7/3,10:00,3370
2016/7/3,11:00,3559
2016/7/3,12:00,3744
2016/7/3,13:00,3799
2016/7/3,14:00,3855
2016/7/3,15:00,3911
2016/7/3,16:00,3946
2016/7/3,17:00,3964
2016/7/3,18:00,4007
2016/7/3,19:00,4076
2016/7/3,20:00,3933
2016/7/3,21:00,3704
2016/7/3,22:00,3424
2016/7/3,23:00,3138
2016/7/4,0:00,2831
2016/7/4,1:00,2598
2016/7/4,2:00,2495
2016/7/4,3:00,2480
2016/7/4,4:00,2487
2016/7/4,5:00,2515
2016/7/4,6:00,2767
2016/7/4,7:00,3170
2016/7/4,8:00,3812
2016/7/4,9:00,4342
2016/7/4,10:00,4543
2016/7/4,11:00,4683
2016/7/4,12:00,4570
2016/7/4,13:00,4739
2016/7/4,14:00,4823
2016/7/4,15:00,4786
2016/7/4,16:00,4711
2016/7/4,17:00,4466
2016/7/4,18:00,4292
2016/7/4,19:00,4172
2016/7/4,20:00,3914
2016/7/4,21:00,3639
2016/7/4,22:00,3487
2016/7/4,23:00,3213
2016/7/5,0:00,2898
2016/7/5,1:00,2676
2016/7/5,2:00,2569
2016/7/5,3:00,2532
2016/7/5,4:00,2519
2016/7/5,5:00,2520
2016/7/5,6:00,2695
2016/7/5,7:00,2989
2016/7/5,8:00,3446
2016/7/5,9:00,3799
2016/7/5,10:00,3913
2016/7/5,11:00,3910
2016/7/5,12:00,3683
2016/7/5,13:00,3771
2016/7/5,14:00,3741
2016/7/5,15:00,3660
2016/7/5,16:00,3679
2016/7/5,17:00,3612
2016/7/5,18:00,3598
2016/7/5,19:00,3537
2016/7/5,20:00,3327
2016/7/5,21:00,3115
2016/7/5,22:00,2981
2016/7/5,23:00,2801
2016/7/6,0:00,2570
2016/7/6,1:00,2407
2016/7/6,2:00,2349
2016/7/6,3:00,2369
2016/7/6,4:00,2378
2016/7/6,5:00,2374
2016/7/6,6:00,2542
2016/7/6,7:00,2821
2016/7/6,8:00,3245
2016/7/6,9:00,3616
2016/7/6,10:00,3746
2016/7/6,11:00,3786
2016/7/6,12:00,3646
2016/7/6,13:00,3832
2016/7/6,14:00,3904
2016/7/6,15:00,3904
2016/7/6,16:00,3943
2016/7/6,17:00,3852
2016/7/6,18:00,3795
2016/7/6,19:00,3783
2016/7/6,20:00,3568
2016/7/6,21:00,3297
2016/7/6,22:00,3193
2016/7/6,23:00,2962
2016/7/7,0:00,2740
2016/7/7,1:00,2554
2016/7/7,2:00,2465
2016/7/7,3:00,2451
2016/7/7,4:00,2449
2016/7/7,5:00,2447
2016/7/7,6:00,2703
2016/7/7,7:00,3114
2016/7/7,8:00,3748
2016/7/7,9:00,4291
2016/7/7,10:00,4535
2016/7/7,11:00,4694
2016/7/7,12:00,4603
2016/7/7,13:00,4798
2016/7/7,14:00,4799
2016/7/7,15:00,4694
2016/7/7,16:00,4592
2016/7/7,17:00,4330
2016/7/7,18:00,4153
2016/7/7,19:00,4027
2016/7/7,20:00,3737
2016/7/7,21:00,3440
2016/7/7,22:00,3325
2016/7/7,23:00,3088
2016/7/8,0:00,2793
2016/7/8,1:00,2570
2016/7/8,2:00,2478
2016/7/8,3:00,2475
2016/7/8,4:00,2486
2016/7/8,5:00,2496
2016/7/8,6:00,2669
2016/7/8,7:00,2964
2016/7/8,8:00,3422
2016/7/8,9:00,3854
2016/7/8,10:00,4055
2016/7/8,11:00,4194
2016/7/8,12:00,4075
2016/7/8,13:00,4206
2016/7/8,14:00,4204
2016/7/8,15:00,4151
2016/7/8,16:00,4133
2016/7/8,17:00,3986
2016/7/8,18:00,3927
2016/7/8,19:00,3857
2016/7/8,20:00,3635
2016/7/8,21:00,3423
2016/7/8,22:00,3273
2016/7/8,23:00,3062
2016/7/9,0:00,2801
2016/7/9,1:00,2611
2016/7/9,2:00,2517
2016/7/9,3:00,2475
2016/7/9,4:00,2460
2016/7/9,5:00,2429
2016/7/9,6:00,2468
2016/7/9,7:00,2627
2016/7/9,8:00,2910
2016/7/9,9:00,3153
2016/7/9,10:00,3259
2016/7/9,11:00,3233
2016/7/9,12:00,3138
2016/7/9,13:00,3177
2016/7/9,14:00,3179
2016/7/9,15:00,3150
2016/7/9,16:00,3156
2016/7/9,17:00,3133
2016/7/9,18:00,3168
2016/7/9,19:00,3216
2016/7/9,20:00,3086
2016/7/9,21:00,2944
2016/7/9,22:00,2797
2016/7/9,23:00,2618
2016/7/10,0:00,2442
2016/7/10,1:00,2296
2016/7/10,2:00,2221
2016/7/10,3:00,2218
2016/7/10,4:00,2207
2016/7/10,5:00,2176
2016/7/10,6:00,2245
2016/7/10,7:00,2461
2016/7/10,8:00,2749
2016/7/10,9:00,3079
2016/7/10,10:00,3281
2016/7/10,11:00,3405
2016/7/10,12:00,3464
2016/7/10,13:00,3473
2016/7/10,14:00,3498
2016/7/10,15:00,3506
2016/7/10,16:00,3473
2016/7/10,17:00,3498
2016/7/10,18:00,3510
2016/7/10,19:00,3577
2016/7/10,20:00,3461
2016/7/10,21:00,3284
2016/7/10,22:00,3088
2016/7/10,23:00,2834
2016/7/11,0:00,2612
2016/7/11,1:00,2434
2016/7/11,2:00,2354
2016/7/11,3:00,2346
2016/7/11,4:00,2365
2016/7/11,5:00,2411
2016/7/11,6:00,2656
2016/7/11,7:00,3066
2016/7/11,8:00,3674
2016/7/11,9:00,4217
2016/7/11,10:00,4451
2016/7/11,11:00,4579
2016/7/11,12:00,4496
2016/7/11,13:00,4665
2016/7/11,14:00,4693
2016/7/11,15:00,4630
2016/7/11,16:00,4592
2016/7/11,17:00,4412
2016/7/11,18:00,4261
2016/7/11,19:00,4176
2016/7/11,20:00,3911
2016/7/11,21:00,3631
2016/7/11,22:00,3468
2016/7/11,23:00,3194
2016/7/12,0:00,2883
2016/7/12,1:00,2661
2016/7/12,2:00,2527
2016/7/12,3:00,2515
2016/7/12,4:00,2534
2016/7/12,5:00,2552
2016/7/12,6:00,2781
2016/7/12,7:00,3182
2016/7/12,8:00,3693
2016/7/12,9:00,4138
2016/7/12,10:00,4323
2016/7/12,11:00,4464
2016/7/12,12:00,4375
2016/7/12,13:00,4534
2016/7/12,14:00,4590
2016/7/12,15:00,4582
2016/7/12,16:00,4525
2016/7/12,17:00,4337
2016/7/12,18:00,4217
2016/7/12,19:00,4143
2016/7/12,20:00,3901
2016/7/12,21:00,3610
2016/7/12,22:00,3486
2016/7/12,23:00,3217
2016/7/13,0:00,2913
2016/7/13,1:00,2701
2016/7/13,2:00,2594
2016/7/13,3:00,2566
2016/7/13,4:00,2570
2016/7/13,5:00,2601
2016/7/13,6:00,2805
2016/7/13,7:00,3168
2016/7/13,8:00,3666
2016/7/13,9:00,4101
2016/7/13,10:00,4251
2016/7/13,11:00,4304
2016/7/13,12:00,4127
2016/7/13,13:00,4235
2016/7/13,14:00,4241
2016/7/13,15:00,4201
2016/7/13,16:00,4241
2016/7/13,17:00,4150
2016/7/13,18:00,4130
2016/7/13,19:00,4040
2016/7/13,20:00,3809
2016/7/13,21:00,3582
2016/7/13,22:00,3443
2016/7/13,23:00,3185
2016/7/14,0:00,2886
2016/7/14,1:00,2690
2016/7/14,2:00,2597
2016/7/14,3:00,2578
2016/7/14,4:00,2585
2016/7/14,5:00,2630
2016/7/14,6:00,2873
2016/7/14,7:00,3259
2016/7/14,8:00,3775
2016/7/14,9:00,4323
2016/7/14,10:00,4556
2016/7/14,11:00,4664
2016/7/14,12:00,4602
2016/7/14,13:00,4758
2016/7/14,14:00,4748
2016/7/14,15:00,4570
2016/7/14,16:00,4466
2016/7/14,17:00,4315
2016/7/14,18:00,4184
2016/7/14,19:00,3998
2016/7/14,20:00,3724
2016/7/14,21:00,3444
2016/7/14,22:00,3314
2016/7/14,23:00,3083
2016/7/15,0:00,2785
2016/7/15,1:00,2581
2016/7/15,2:00,2484
2016/7/15,3:00,2454
2016/7/15,4:00,2470
2016/7/15,5:00,2495
2016/7/15,6:00,2684
2016/7/15,7:00,3020
2016/7/15,8:00,3526
2016/7/15,9:00,3922
2016/7/15,10:00,4045
2016/7/15,11:00,4043
2016/7/15,12:00,3838
2016/7/15,13:00,3901
2016/7/15,14:00,3892
2016/7/15,15:00,3856
2016/7/15,16:00,3846
2016/7/15,17:00,3745
2016/7/15,18:00,3676
2016/7/15,19:00,3541
2016/7/15,20:00,3343
2016/7/15,21:00,3146
2016/7/15,22:00,3030
2016/7/15,23:00,2845
2016/7/16,0:00,2605
2016/7/16,1:00,2443
2016/7/16,2:00,2347
2016/7/16,3:00,2328
2016/7/16,4:00,2326
2016/7/16,5:00,2296
2016/7/16,6:00,2348
2016/7/16,7:00,2512
2016/7/16,8:00,2841
2016/7/16,9:00,3123
2016/7/16,10:00,3247
2016/7/16,11:00,3346
2016/7/16,12:00,3300
2016/7/16,13:00,3386
2016/7/16,14:00,3372
2016/7/16,15:00,3342
2016/7/16,16:00,3302
2016/7/16,17:00,3275
2016/7/16,18:00,3311
2016/7/16,19:00,3331
2016/7/16,20:00,3183
2016/7/16,21:00,3050
2016/7/16,22:00,2915
2016/7/16,23:00,2732
2016/7/17,0:00,2526
2016/7/17,1:00,2374
2016/7/17,2:00,2283
2016/7/17,3:00,2261
2016/7/17,4:00,2261
2016/7/17,5:00,2235
2016/7/17,6:00,2303
2016/7/17,7:00,2472
2016/7/17,8:00,2683
2016/7/17,9:00,2970
2016/7/17,10:00,3153
2016/7/17,11:00,3199
2016/7/17,12:00,3242
2016/7/17,13:00,3234
2016/7/17,14:00,3262
2016/7/17,15:00,3248
2016/7/17,16:00,3314
2016/7/17,17:00,3385
2016/7/17,18:00,3513
2016/7/17,19:00,3572
2016/7/17,20:00,3468
2016/7/17,21:00,3293
2016/7/17,22:00,3076
2016/7/17,23:00,2872
2016/7/18,0:00,2646
2016/7/18,1:00,2477
2016/7/18,2:00,2362
2016/7/18,3:00,2328
2016/7/18,4:00,2335
2016/7/18,5:00,2342
2016/7/18,6:00,2473
2016/7/18,7:00,2764
2016/7/18,8:00,3230
2016/7/18,9:00,3676
2016/7/18,10:00,3843
2016/7/18,11:00,3974
2016/7/18,12:00,3985
2016/7/18,13:00,4037
2016/7/18,14:00,4056
2016/7/18,15:00,4078
2016/7/18,16:00,4082
2016/7/18,17:00,4057
2016/7/18,18:00,4065
2016/7/18,19:00,4078
2016/7/18,20:00,3891
2016/7/18,21:00,3652
2016/7/18,22:00,3395
2016/7/18,23:00,3111
2016/7/19,0:00,2827
2016/7/19,1:00,2619
2016/7/19,2:00,2518
2016/7/19,3:00,2487
2016/7/19,4:00,2494
2016/7/19,5:00,2530
2016/7/19,6:00,2756
2016/7/19,7:00,3180
2016/7/19,8:00,3801
2016/7/19,9:00,4299
2016/7/19,10:00,4466
2016/7/19,11:00,4569
2016/7/19,12:00,4466
2016/7/19,13:00,4592
2016/7/19,14:00,4715
2016/7/19,15:00,4720
2016/7/19,16:00,4690
2016/7/19,17:00,4535
2016/7/19,18:00,4428
2016/7/19,19:00,4329
2016/7/19,20:00,4042
2016/7/19,21:00,3738
2016/7/19,22:00,3596
2016/7/19,23:00,3294
2016/7/20,0:00,2976
2016/7/20,1:00,2754
2016/7/20,2:00,2634
2016/7/20,3:00,2593
2016/7/20,4:00,2577
2016/7/20,5:00,2597
2016/7/20,6:00,2791
2016/7/20,7:00,3199
2016/7/20,8:00,3690
2016/7/20,9:00,4078
2016/7/20,10:00,4244
2016/7/20,11:00,4360
2016/7/20,12:00,4254
2016/7/20,13:00,4394
2016/7/20,14:00,4453
2016/7/20,15:00,4387
2016/7/20,16:00,4354
2016/7/20,17:00,4209
2016/7/20,18:00,4140
2016/7/20,19:00,4051
2016/7/20,20:00,3758
2016/7/20,21:00,3476
2016/7/20,22:00,3349
2016/7/20,23:00,3098
2016/7/21,0:00,2794
2016/7/21,1:00,2591
2016/7/21,2:00,2488
2016/7/21,3:00,2464
2016/7/21,4:00,2465
2016/7/21,5:00,2514
2016/7/21,6:00,2676
2016/7/21,7:00,2983
2016/7/21,8:00,3442
2016/7/21,9:00,3814
2016/7/21,10:00,3917
2016/7/21,11:00,3935
2016/7/21,12:00,3716
2016/7/21,13:00,3792
2016/7/21,14:00,3811
2016/7/21,15:00,3772
2016/7/21,16:00,3780
2016/7/21,17:00,3740
2016/7/21,18:00,3727
2016/7/21,19:00,3638
2016/7/21,20:00,3407
2016/7/21,21:00,3163
2016/7/21,22:00,3087
2016/7/21,23:00,2887
2016/7/22,0:00,2623
2016/7/22,1:00,2459
2016/7/22,2:00,2386
2016/7/22,3:00,2390
2016/7/22,4:00,2402
2016/7/22,5:00,2436
2016/7/22,6:00,2593
2016/7/22,7:00,2868
2016/7/22,8:00,3282
2016/7/22,9:00,3634
2016/7/22,10:00,3706
2016/7/22,11:00,3724
2016/7/22,12:00,3535
2016/7/22,13:00,3641
2016/7/22,14:00,3662
2016/7/22,15:00,3610
2016/7/22,16:00,3608
2016/7/22,17:00,3537
2016/7/22,18:00,3530
2016/7/22,19:00,3432
2016/7/22,20:00,3231
2016/7/22,21:00,3026
2016/7/22,22:00,2897
2016/7/22,23:00,2719
2016/7/23,0:00,2515
2016/7/23,1:00,2359
2016/7/23,2:00,2285
2016/7/23,3:00,2266
2016/7/23,4:00,2270
2016/7/23,5:00,2236
2016/7/23,6:00,2278
2016/7/23,7:00,2477
2016/7/23,8:00,2745
2016/7/23,9:00,2988
2016/7/23,10:00,3121
2016/7/23,11:00,3167
2016/7/23,12:00,3132
2016/7/23,13:00,3139
2016/7/23,14:00,3132
2016/7/23,15:00,3095
2016/7/23,16:00,3083
2016/7/23,17:00,3056
2016/7/23,18:00,3108
2016/7/23,19:00,3125
2016/7/23,20:00,2998
2016/7/23,21:00,2834
2016/7/23,22:00,2688
2016/7/23,23:00,2535
2016/7/24,0:00,2352
2016/7/24,1:00,2205
2016/7/24,2:00,2130
2016/7/24,3:00,2141
2016/7/24,4:00,2141
2016/7/24,5:00,2098
2016/7/24,6:00,2145
2016/7/24,7:00,2317
2016/7/24,8:00,2549
2016/7/24,9:00,2831
2016/7/24,10:00,2966
2016/7/24,11:00,3008
2016/7/24,12:00,3015
2016/7/24,13:00,3065
2016/7/24,14:00,3025
2016/7/24,15:00,3055
2016/7/24,16:00,3087
2016/7/24,17:00,3144
2016/7/24,18:00,3207
2016/7/24,19:00,3254
2016/7/24,20:00,3119
2016/7/24,21:00,2918
2016/7/24,22:00,2746
2016/7/24,23:00,2557
2016/7/25,0:00,2351
2016/7/25,1:00,2213
2016/7/25,2:00,2159
2016/7/25,3:00,2169
2016/7/25,4:00,2173
2016/7/25,5:00,2187
2016/7/25,6:00,2394
2016/7/25,7:00,2725
2016/7/25,8:00,3221
2016/7/25,9:00,3655
2016/7/25,10:00,3798
2016/7/25,11:00,3878
2016/7/25,12:00,3773
2016/7/25,13:00,3955
2016/7/25,14:00,3960
2016/7/25,15:00,3950
2016/7/25,16:00,3912
2016/7/25,17:00,3828
2016/7/25,18:00,3808
2016/7/25,19:00,3717
2016/7/25,20:00,3508
2016/7/25,21:00,3283
2016/7/25,22:00,3115
2016/7/25,23:00,2893
2016/7/26,0:00,2630
2016/7/26,1:00,2447
2016/7/26,2:00,2367
2016/7/26,3:00,2355
2016/7/26,4:00,2366
2016/7/26,5:00,2383
2016/7/26,6:00,2580
2016/7/26,7:00,2932
2016/7/26,8:00,3388
2016/7/26,9:00,3760
2016/7/26,10:00,3883
2016/7/26,11:00,3974
2016/7/26,12:00,3811
2016/7/26,13:00,3917
2016/7/26,14:00,3863
2016/7/26,15:00,3822
2016/7/26,16:00,3814
2016/7/26,17:00,3733
2016/7/26,18:00,3706
2016/7/26,19:00,3565
2016/7/26,20:00,3348
2016/7/26,21:00,3159
2016/7/26,22:00,2998
2016/7/26,23:00,2803
2016/7/27,0:00,2571
2016/7/27,1:00,2417
2016/7/27,2:00,2351
2016/7/27,3:00,2350
2016/7/27,4:00,2356
2016/7/27,5:00,2395
2016/7/27,6:00,2557
2016/7/27,7:00,2847
2016/7/27,8:00,3316
2016/7/27,9:00,3730
2016/7/27,10:00,3897
2016/7/27,11:00,3938
2016/7/27,12:00,3744
2016/7/27,13:00,3892
2016/7/27,14:00,3917
2016/7/27,15:00,3903
2016/7/27,16:00,3904
2016/7/27,17:00,3794
2016/7/27,18:00,3713
2016/7/27,19:00,3616
2016/7/27,20:00,3391
2016/7/27,21:00,3158
2016/7/27,22:00,3090
2016/7/27,23:00,2887
2016/7/28,0:00,2644
2016/7/28,1:00,2464
2016/7/28,2:00,2382
2016/7/28,3:00,2372
2016/7/28,4:00,2378
2016/7/28,5:00,2399
2016/7/28,6:00,2585
2016/7/28,7:00,2935
2016/7/28,8:00,3492
2016/7/28,9:00,3956
2016/7/28,10:00,4179
2016/7/28,11:00,4298
2016/7/28,12:00,4137
2016/7/28,13:00,4334
2016/7/28,14:00,4317
2016/7/28,15:00,4257
2016/7/28,16:00,4224
2016/7/28,17:00,4149
2016/7/28,18:00,4078
2016/7/28,19:00,4022
2016/7/28,20:00,3736
2016/7/28,21:00,3457
2016/7/28,22:00,3304
2016/7/28,23:00,3054
2016/7/29,0:00,2771
2016/7/29,1:00,2567
2016/7/29,2:00,2465
2016/7/29,3:00,2434
2016/7/29,4:00,2418
2016/7/29,5:00,2438
2016/7/29,6:00,2670
2016/7/29,7:00,3049
2016/7/29,8:00,3618
2016/7/29,9:00,4167
2016/7/29,10:00,4345
2016/7/29,11:00,4453
2016/7/29,12:00,4336
2016/7/29,13:00,4476
2016/7/29,14:00,4504
2016/7/29,15:00,4479
2016/7/29,16:00,4460
2016/7/29,17:00,4293
2016/7/29,18:00,4145
2016/7/29,19:00,4038
2016/7/29,20:00,3774
2016/7/29,21:00,3493
2016/7/29,22:00,3293
2016/7/29,23:00,3061
2016/7/30,0:00,2776
2016/7/30,1:00,2567
2016/7/30,2:00,2464
2016/7/30,3:00,2435
2016/7/30,4:00,2420
2016/7/30,5:00,2384
2016/7/30,6:00,2489
2016/7/30,7:00,2751
2016/7/30,8:00,3159
2016/7/30,9:00,3561
2016/7/30,10:00,3773
2016/7/30,11:00,3885
2016/7/30,12:00,3919
2016/7/30,13:00,4011
2016/7/30,14:00,4033
2016/7/30,15:00,4031
2016/7/30,16:00,4017
2016/7/30,17:00,3880
2016/7/30,18:00,3809
2016/7/30,19:00,3781
2016/7/30,20:00,3607
2016/7/30,21:00,3421
2016/7/30,22:00,3216
2016/7/30,23:00,2992
2016/7/31,0:00,2732
2016/7/31,1:00,2523
2016/7/31,2:00,2415
2016/7/31,3:00,2380
2016/7/31,4:00,2353
2016/7/31,5:00,2315
2016/7/31,6:00,2412
2016/7/31,7:00,2626
2016/7/31,8:00,2974
2016/7/31,9:00,3312
2016/7/31,10:00,3437
2016/7/31,11:00,3532
2016/7/31,12:00,3600
2016/7/31,13:00,3595
2016/7/31,14:00,3595
2016/7/31,15:00,3647
2016/7/31,16:00,3689
2016/7/31,17:00,3679
2016/7/31,18:00,3725
2016/7/31,19:00,3762
2016/7/31,20:00,3617
2016/7/31,21:00,3384
2016/7/31,22:00,3177
2016/7/31,23:00,2933
2016/8/1,0:00,2689
2016/8/1,1:00,2495
2016/8/1,2:00,2405
2016/8/1,3:00,2374
2016/8/1,4:00,2389
2016/8/1,5:00,2441
2016/8/1,6:00,2675
2016/8/1,7:00,3118
2016/8/1,8:00,3733
2016/8/1,9:00,4261
2016/8/1,10:00,4475
2016/8/1,11:00,4595
2016/8/1,12:00,4462
2016/8/1,13:00,4504
2016/8/1,14:00,4516
2016/8/1,15:00,4487
2016/8/1,16:00,4481
2016/8/1,17:00,4362
2016/8/1,18:00,4337
2016/8/1,19:00,4236
2016/8/1,20:00,3951
2016/8/1,21:00,3690
2016/8/1,22:00,3522
2016/8/1,23:00,3236
2016/8/2,0:00,2924
2016/8/2,1:00,2691
2016/8/2,2:00,2583
2016/8/2,3:00,2524
2016/8/2,4:00,2526
2016/8/2,5:00,2566
2016/8/2,6:00,2767
2016/8/2,7:00,3144
2016/8/2,8:00,3744
2016/8/2,9:00,4262
2016/8/2,10:00,4436
2016/8/2,11:00,4531
2016/8/2,12:00,4424
2016/8/2,13:00,4524
2016/8/2,14:00,4471
2016/8/2,15:00,4406
2016/8/2,16:00,4394
2016/8/2,17:00,4274
2016/8/2,18:00,4246
2016/8/2,19:00,4158
2016/8/2,20:00,3883
2016/8/2,21:00,3641
2016/8/2,22:00,3471
2016/8/2,23:00,3203
2016/8/3,0:00,2888
2016/8/3,1:00,2675
2016/8/3,2:00,2573
2016/8/3,3:00,2540
2016/8/3,4:00,2537
2016/8/3,5:00,2559
2016/8/3,6:00,2746
2016/8/3,7:00,3128
2016/8/3,8:00,3725
2016/8/3,9:00,4139
2016/8/3,10:00,4338
2016/8/3,11:00,4559
2016/8/3,12:00,4503
2016/8/3,13:00,4676
2016/8/3,14:00,4687
2016/8/3,15:00,4581
2016/8/3,16:00,4530
2016/8/3,17:00,4352
2016/8/3,18:00,4317
2016/8/3,19:00,4225
2016/8/3,20:00,3966
2016/8/3,21:00,3714
2016/8/3,22:00,3544
2016/8/3,23:00,3283
2016/8/4,0:00,2936
2016/8/4,1:00,2713
2016/8/4,2:00,2602
2016/8/4,3:00,2557
2016/8/4,4:00,2549
2016/8/4,5:00,2571
2016/8/4,6:00,2802
2016/8/4,7:00,3254
2016/8/4,8:00,3892
2016/8/4,9:00,4417
2016/8/4,10:00,4695
2016/8/4,11:00,4805
2016/8/4,12:00,4699
2016/8/4,13:00,4848
2016/8/4,14:00,4860
2016/8/4,15:00,4788
2016/8/4,16:00,4777
2016/8/4,17:00,4610
2016/8/4,18:00,4532
2016/8/4,19:00,4410
2016/8/4,20:00,4100
2016/8/4,21:00,3833
2016/8/4,22:00,3670
2016/8/4,23:00,3392
2016/8/5,0:00,3031
2016/8/5,1:00,2779
2016/8/5,2:00,2656
2016/8/5,3:00,2613
2016/8/5,4:00,2604
2016/8/5,5:00,2622
2016/8/5,6:00,2860
2016/8/5,7:00,3323
2016/8/5,8:00,3979
2016/8/5,9:00,4567
2016/8/5,10:00,4776
2016/8/5,11:00,4923
2016/8/5,12:00,4838
2016/8/5,13:00,5022
2016/8/5,14:00,5033
2016/8/5,15:00,4934
2016/8/5,16:00,4906
2016/8/5,17:00,4686
2016/8/5,18:00,4549
2016/8/5,19:00,4455
2016/8/5,20:00,4165
2016/8/5,21:00,3889
2016/8/5,22:00,3725
2016/8/5,23:00,3469
2016/8/6,0:00,3136
2016/8/6,1:00,2888
2016/8/6,2:00,2737
2016/8/6,3:00,2672
2016/8/6,4:00,2645
2016/8/6,5:00,2609
2016/8/6,6:00,2732
2016/8/6,7:00,3057
2016/8/6,8:00,3512
2016/8/6,9:00,3985
2016/8/6,10:00,4266
2016/8/6,11:00,4402
2016/8/6,12:00,4404
2016/8/6,13:00,4529
2016/8/6,14:00,4536
2016/8/6,15:00,4471
2016/8/6,16:00,4431
2016/8/6,17:00,4293
2016/8/6,18:00,4231
2016/8/6,19:00,4163
2016/8/6,20:00,3934
2016/8/6,21:00,3713
2016/8/6,22:00,3572
2016/8/6,23:00,3336
2016/8/7,0:00,3024
2016/8/7,1:00,2770
2016/8/7,2:00,2607
2016/8/7,3:00,2551
2016/8/7,4:00,2521
2016/8/7,5:00,2490
2016/8/7,6:00,2607
2016/8/7,7:00,2883
2016/8/7,8:00,3225
2016/8/7,9:00,3602
2016/8/7,10:00,3753
2016/8/7,11:00,3867
2016/8/7,12:00,3936
2016/8/7,13:00,3998
2016/8/7,14:00,3984
2016/8/7,15:00,3984
2016/8/7,16:00,3981
2016/8/7,17:00,3941
2016/8/7,18:00,3953
2016/8/7,19:00,3955
2016/8/7,20:00,3789
2016/8/7,21:00,3584
2016/8/7,22:00,3395
2016/8/7,23:00,3128
2016/8/8,0:00,2838
2016/8/8,1:00,2627
2016/8/8,2:00,2501
2016/8/8,3:00,2461
2016/8/8,4:00,2475
2016/8/8,5:00,2526
2016/8/8,6:00,2753
2016/8/8,7:00,3198
2016/8/8,8:00,3824
2016/8/8,9:00,4360
2016/8/8,10:00,4501
2016/8/8,11:00,4607
2016/8/8,12:00,4510
2016/8/8,13:00,4717
2016/8/8,14:00,4773
2016/8/8,15:00,4829
2016/8/8,16:00,4780
2016/8/8,17:00,4585
2016/8/8,18:00,4507
2016/8/8,19:00,4436
2016/8/8,20:00,4170
2016/8/8,21:00,3872
2016/8/8,22:00,3696
2016/8/8,23:00,3421
2016/8/9,0:00,3091
2016/8/9,1:00,2857
2016/8/9,2:00,2725
2016/8/9,3:00,2681
2016/8/9,4:00,2671
2016/8/9,5:00,2702
2016/8/9,6:00,2942
2016/8/9,7:00,3377
2016/8/9,8:00,4044
2016/8/9,9:00,4726
2016/8/9,10:00,5030
2016/8/9,11:00,5184
2016/8/9,12:00,5101
2016/8/9,13:00,5232
2016/8/9,14:00,5332
2016/8/9,15:00,5302
2016/8/9,16:00,5230
2016/8/9,17:00,4978
2016/8/9,18:00,4874
2016/8/9,19:00,4776
2016/8/9,20:00,4504
2016/8/9,21:00,4191
2016/8/9,22:00,3977
2016/8/9,23:00,3670
2016/8/10,0:00,3302
2016/8/10,1:00,3003
2016/8/10,2:00,2818
2016/8/10,3:00,2737
2016/8/10,4:00,2729
2016/8/10,5:00,2737
2016/8/10,6:00,2967
2016/8/10,7:00,3405
2016/8/10,8:00,4052
2016/8/10,9:00,4596
2016/8/10,10:00,4800
2016/8/10,11:00,4952
2016/8/10,12:00,4842
2016/8/10,13:00,4951
2016/8/10,14:00,4889
2016/8/10,15:00,4847
2016/8/10,16:00,4706
2016/8/10,17:00,4503
2016/8/10,18:00,4431
2016/8/10,19:00,4297
2016/8/10,20:00,4032
2016/8/10,21:00,3739
2016/8/10,22:00,3595
2016/8/10,23:00,3366
2016/8/11,0:00,3058
2016/8/11,1:00,2831
2016/8/11,2:00,2658
2016/8/11,3:00,2590
2016/8/11,4:00,2580
2016/8/11,5:00,2578
2016/8/11,6:00,2628
2016/8/11,7:00,2850
2016/8/11,8:00,3152
2016/8/11,9:00,3450
2016/8/11,10:00,3651
2016/8/11,11:00,3780
2016/8/11,12:00,3810
2016/8/11,13:00,3895
2016/8/11,14:00,3900
2016/8/11,15:00,3880
2016/8/11,16:00,3841
2016/8/11,17:00,3769
2016/8/11,18:00,3821
2016/8/11,19:00,3792
2016/8/11,20:00,3629
2016/8/11,21:00,3413
2016/8/11,22:00,3251
2016/8/11,23:00,2999
